frame.number|ip.src|ip.dst|_ws.col.protocol|frame.len|kerberos.CNameString|kerberos.realm|kerberos.SNameString|ntlmssp.auth.username|ntlmssp.auth.domain|ntlmssp.auth.hostname
30|10.1.17.215|10.1.17.2|LDAP|748||BLUEMOONTUESDAY.COM|ldap,win-gsh54qlw48d.bluemoontuesday.com,bluemoontuesday.com|||
32|10.1.17.2|10.1.17.215|LDAP|264||||||
33|10.1.17.215|10.1.17.2|LDAP|129||||||
156|10.1.17.215|10.1.17.255|BROWSER|228||||||
157|10.1.17.215|10.1.17.255|BROWSER|243||||||
167|10.1.17.215|10.1.17.255|BROWSER|228||||||
170|10.1.17.215|10.1.17.255|BROWSER|228||||||
174|10.1.17.215|10.1.17.255|BROWSER|228||||||
188|10.1.17.215|10.1.17.255|BROWSER|240||||||
227|10.1.17.215|10.1.17.255|BROWSER|240||||||
246|10.1.17.215|10.1.17.255|BROWSER|240||||||
250|10.1.17.215|10.1.17.2|KRB5|288|shutchenson|BLUEMOONTUESDAY|krbtgt,BLUEMOONTUESDAY|||
251|10.1.17.2|10.1.17.215|KRB5|262||BLUEMOONTUESDAY|krbtgt,BLUEMOONTUESDAY|||
258|10.1.17.215|10.1.17.2|KRB5|368|shutchenson|BLUEMOONTUESDAY|krbtgt,BLUEMOONTUESDAY|||
260|10.1.17.2|10.1.17.215|KRB5|399|shutchenson|BLUEMOONTUESDAY.COM|krbtgt,BLUEMOONTUESDAY.COM|||
269|10.1.17.215|10.1.17.2|KRB5|307||BLUEMOONTUESDAY.COM,BLUEMOONTUESDAY.COM|krbtgt,BLUEMOONTUESDAY.COM,host,desktop-l8c5gsj.bluemoontuesday.com|||
272|10.1.17.2|10.1.17.215|KRB5|329|shutchenson|BLUEMOONTUESDAY.COM|host,desktop-l8c5gsj.bluemoontuesday.com|||
282|10.1.17.215|10.1.17.2|DCERPC|214||||||
283|10.1.17.2|10.1.17.215|DCERPC|162||||||
284|10.1.17.215|10.1.17.2|EPM|222||||||
285|10.1.17.2|10.1.17.215|EPM|322||||||
293|10.1.17.215|10.1.17.2|KRB5|483||BLUEMOONTUESDAY.COM,BLUEMOONTUESDAY.COM|krbtgt,BLUEMOONTUESDAY.COM,LDAP,WIN-GSH54QLW48D.bluemoontuesday.com,bluemoontuesday.com|||
296|10.1.17.2|10.1.17.215|KRB5|461|shutchenson|BLUEMOONTUESDAY.COM|LDAP,WIN-GSH54QLW48D.bluemoontuesday.com,bluemoontuesday.com|||
302|10.1.17.215|10.1.17.2|DCERPC|851||BLUEMOONTUESDAY.COM|LDAP,WIN-GSH54QLW48D.bluemoontuesday.com,bluemoontuesday.com|||
304|10.1.17.2|10.1.17.215|DCERPC|338||||||
305|10.1.17.215|10.1.17.2|DCERPC|274||||||
306|10.1.17.2|10.1.17.215|DCERPC|159||||||
307|10.1.17.215|10.1.17.2|DRSUAPI|322||||||
308|10.1.17.2|10.1.17.215|DRSUAPI|258||||||
309|10.1.17.215|10.1.17.2|DRSUAPI|322||||||
310|10.1.17.2|10.1.17.215|DRSUAPI|450||||||
311|10.1.17.215|10.1.17.2|DRSUAPI|322||||||
312|10.1.17.2|10.1.17.215|DRSUAPI|418||||||
313|10.1.17.215|10.1.17.2|DRSUAPI|194||||||
314|10.1.17.2|10.1.17.215|DRSUAPI|194||||||
319|10.1.17.215|10.1.17.2|LDAP|736||BLUEMOONTUESDAY.COM|LDAP,WIN-GSH54QLW48D.bluemoontuesday.com,bluemoontuesday.com|||
321|10.1.17.2|10.1.17.215|LDAP|264||||||
322|10.1.17.215|10.1.17.2|LDAP|259||||||
323|10.1.17.2|10.1.17.215|LDAP|600||||||
328|10.1.17.215|10.1.17.2|LDAP|742||BLUEMOONTUESDAY.COM|LDAP,WIN-GSH54QLW48D.bluemoontuesday.com,bluemoontuesday.com|||
330|10.1.17.2|10.1.17.215|LDAP|264||||||
331|10.1.17.215|10.1.17.2|LDAP|262||||||
332|10.1.17.2|10.1.17.215|LDAP|247||||||
333|10.1.17.215|10.1.17.2|LDAP|267||||||
334|10.1.17.2|10.1.17.215|LDAP|241||||||
335|10.1.17.215|10.1.17.2|LDAP|684||||||
336|10.1.17.2|10.1.17.215|LDAP|140||||||
337|10.1.17.215|10.1.17.2|LDAP|129||||||
340|10.1.17.215|10.1.17.2|LDAP|129||||||
347|10.1.17.215|10.1.17.255|BROWSER|240||||||
810|10.1.17.215|10.1.17.2|DCERPC|214||||||
811|10.1.17.2|10.1.17.215|DCERPC|162||||||
812|10.1.17.215|10.1.17.2|EPM|222||||||
813|10.1.17.2|10.1.17.215|EPM|322||||||
818|10.1.17.215|10.1.17.2|DCERPC|851||BLUEMOONTUESDAY.COM|LDAP,WIN-GSH54QLW48D.bluemoontuesday.com,bluemoontuesday.com|||
820|10.1.17.2|10.1.17.215|DCERPC|338||||||
821|10.1.17.215|10.1.17.2|DCERPC|274||||||
826|10.1.17.2|10.1.17.215|DCERPC|159||||||
830|10.1.17.215|10.1.17.2|DRSUAPI|322||||||
831|10.1.17.2|10.1.17.215|DRSUAPI|258||||||
832|10.1.17.215|10.1.17.2|DRSUAPI|338||||||
833|10.1.17.2|10.1.17.215|DRSUAPI|450||||||
834|10.1.17.215|10.1.17.2|DRSUAPI|194||||||
835|10.1.17.2|10.1.17.215|DRSUAPI|194||||||
837|10.1.17.215|10.1.17.2|EPM|222||||||
838|10.1.17.2|10.1.17.215|EPM|322||||||
839|10.1.17.215|10.1.17.2|DRSUAPI|258||||||
840|10.1.17.2|10.1.17.215|DRSUAPI|258||||||
841|10.1.17.215|10.1.17.2|DRSUAPI|338||||||
842|10.1.17.2|10.1.17.215|DRSUAPI|450||||||
843|10.1.17.215|10.1.17.2|DRSUAPI|194||||||
844|10.1.17.2|10.1.17.215|DRSUAPI|194||||||
848|10.1.17.215|10.1.17.2|LDAP|404||||||
851|10.1.17.2|10.1.17.215|LDAP|1450||||||
854|10.1.17.215|10.1.17.2|LDAP|742||BLUEMOONTUESDAY.COM|LDAP,WIN-GSH54QLW48D.bluemoontuesday.com,bluemoontuesday.com|||
857|10.1.17.2|10.1.17.215|LDAP|264||||||
863|10.1.17.215|10.1.17.2|LDAP|238||||||
864|10.1.17.2|10.1.17.215|LDAP|262||||||
865|10.1.17.215|10.1.17.2|LDAP|243||||||
866|10.1.17.2|10.1.17.215|LDAP|220||||||
867|10.1.17.215|10.1.17.2|LDAP|237||||||
869|10.1.17.2|10.1.17.215|LDAP|273||||||
894|10.1.17.215|10.1.17.2|LDAP|742||BLUEMOONTUESDAY.COM|LDAP,WIN-GSH54QLW48D.bluemoontuesday.com,bluemoontuesday.com|||
902|10.1.17.2|10.1.17.215|LDAP|264||||||
906|10.1.17.215|10.1.17.2|LDAP|172||||||
910|10.1.17.2|10.1.17.215|LDAP|330||||||
913|10.1.17.215|10.1.17.2|LDAP|312||||||
916|10.1.17.2|10.1.17.215|LDAP|340||||||
917|10.1.17.215|10.1.17.2|LDAP|129||||||
919|10.1.17.215|10.1.17.2|LDAP|129||||||
1278|10.1.17.215|10.1.17.2|SMB|213||||||
1284|10.1.17.215|10.1.17.2|SMB2|936||BLUEMOONTUESDAY.COM|cifs,WIN-GSH54QLW48D.bluemoontuesday.com|||
1286|10.1.17.2|10.1.17.215|SMB2|314||||||
4839|10.1.17.215|10.1.17.2|DCERPC|214||||||
4840|10.1.17.2|10.1.17.215|DCERPC|162||||||
4841|10.1.17.215|10.1.17.2|EPM|222||||||
4842|10.1.17.2|10.1.17.215|EPM|322||||||
4847|10.1.17.215|10.1.17.2|DCERPC|851||BLUEMOONTUESDAY.COM|LDAP,WIN-GSH54QLW48D.bluemoontuesday.com,bluemoontuesday.com|||
4849|10.1.17.2|10.1.17.215|DCERPC|338||||||
4850|10.1.17.215|10.1.17.2|DCERPC|274||||||
4851|10.1.17.2|10.1.17.215|DCERPC|159||||||
4852|10.1.17.215|10.1.17.2|DRSUAPI|322||||||
4853|10.1.17.2|10.1.17.215|DRSUAPI|258||||||
4854|10.1.17.215|10.1.17.2|DRSUAPI|338||||||
4855|10.1.17.2|10.1.17.215|DRSUAPI|450||||||
4856|10.1.17.215|10.1.17.2|DRSUAPI|194||||||
4857|10.1.17.2|10.1.17.215|DRSUAPI|194||||||
4858|10.1.17.215|10.1.17.2|EPM|222||||||
4859|10.1.17.2|10.1.17.215|EPM|322||||||
4860|10.1.17.215|10.1.17.2|DRSUAPI|258||||||
4861|10.1.17.2|10.1.17.215|DRSUAPI|258||||||
4862|10.1.17.215|10.1.17.2|DRSUAPI|338||||||
4863|10.1.17.2|10.1.17.215|DRSUAPI|450||||||
4864|10.1.17.215|10.1.17.2|DRSUAPI|194||||||
4865|10.1.17.2|10.1.17.215|DRSUAPI|194||||||
4869|10.1.17.215|10.1.17.2|LDAP|404||||||
4871|10.1.17.2|10.1.17.215|LDAP|1450||||||
4874|10.1.17.215|10.1.17.2|LDAP|742||BLUEMOONTUESDAY.COM|LDAP,WIN-GSH54QLW48D.bluemoontuesday.com,bluemoontuesday.com|||
4876|10.1.17.2|10.1.17.215|LDAP|264||||||
4877|10.1.17.215|10.1.17.2|LDAP|238||||||
4878|10.1.17.2|10.1.17.215|LDAP|262||||||
4879|10.1.17.215|10.1.17.2|LDAP|243||||||
4880|10.1.17.2|10.1.17.215|LDAP|220||||||
4881|10.1.17.215|10.1.17.2|LDAP|237||||||
4882|10.1.17.2|10.1.17.215|LDAP|273||||||
4887|10.1.17.215|10.1.17.2|LDAP|742||BLUEMOONTUESDAY.COM|LDAP,WIN-GSH54QLW48D.bluemoontuesday.com,bluemoontuesday.com|||
4889|10.1.17.2|10.1.17.215|LDAP|264||||||
4890|10.1.17.215|10.1.17.2|LDAP|172||||||
4893|10.1.17.2|10.1.17.215|LDAP|330||||||
4895|10.1.17.215|10.1.17.2|LDAP|312||||||
4896|10.1.17.2|10.1.17.215|LDAP|340||||||
4897|10.1.17.215|10.1.17.2|LDAP|129||||||
4900|10.1.17.215|10.1.17.2|LDAP|129||||||
7615|10.1.17.215|10.1.17.2|DCERPC|214||||||
7616|10.1.17.2|10.1.17.215|DCERPC|162||||||
7617|10.1.17.215|10.1.17.2|EPM|222||||||
7618|10.1.17.2|10.1.17.215|EPM|322||||||
7623|10.1.17.215|10.1.17.2|DCERPC|869||BLUEMOONTUESDAY.COM|LDAP,WIN-GSH54QLW48D.bluemoontuesday.com,bluemoontuesday.com|||
7625|10.1.17.2|10.1.17.215|DCERPC|338||||||
7626|10.1.17.215|10.1.17.2|DCERPC|274||||||
7627|10.1.17.2|10.1.17.215|DCERPC|159||||||
7628|10.1.17.215|10.1.17.2|DRSUAPI|322||||||
7629|10.1.17.2|10.1.17.215|DRSUAPI|258||||||
7630|10.1.17.215|10.1.17.2|DRSUAPI|338||||||
7631|10.1.17.2|10.1.17.215|DRSUAPI|450||||||
7632|10.1.17.215|10.1.17.2|DRSUAPI|194||||||
7633|10.1.17.2|10.1.17.215|DRSUAPI|194||||||
7634|10.1.17.215|10.1.17.2|EPM|222||||||
7635|10.1.17.2|10.1.17.215|EPM|322||||||
7636|10.1.17.215|10.1.17.2|DRSUAPI|258||||||
7637|10.1.17.2|10.1.17.215|DRSUAPI|258||||||
7638|10.1.17.215|10.1.17.2|DRSUAPI|338||||||
7639|10.1.17.2|10.1.17.215|DRSUAPI|450||||||
7640|10.1.17.215|10.1.17.2|DRSUAPI|194||||||
7641|10.1.17.2|10.1.17.215|DRSUAPI|194||||||
7645|10.1.17.215|10.1.17.2|LDAP|404||||||
7647|10.1.17.2|10.1.17.215|LDAP|1450||||||
7650|10.1.17.215|10.1.17.2|LDAP|760||BLUEMOONTUESDAY.COM|LDAP,WIN-GSH54QLW48D.bluemoontuesday.com,bluemoontuesday.com|||
7652|10.1.17.2|10.1.17.215|LDAP|264||||||
7653|10.1.17.215|10.1.17.2|LDAP|238||||||
7654|10.1.17.2|10.1.17.215|LDAP|262||||||
7655|10.1.17.215|10.1.17.2|LDAP|243||||||
7656|10.1.17.2|10.1.17.215|LDAP|220||||||
7657|10.1.17.215|10.1.17.2|LDAP|237||||||
7658|10.1.17.2|10.1.17.215|LDAP|273||||||
7663|10.1.17.215|10.1.17.2|LDAP|760||BLUEMOONTUESDAY.COM|LDAP,WIN-GSH54QLW48D.bluemoontuesday.com,bluemoontuesday.com|||
7665|10.1.17.2|10.1.17.215|LDAP|264||||||
7666|10.1.17.215|10.1.17.2|LDAP|172||||||
7669|10.1.17.2|10.1.17.215|LDAP|330||||||
7671|10.1.17.215|10.1.17.2|LDAP|312||||||
7672|10.1.17.2|10.1.17.215|LDAP|340||||||
7673|10.1.17.215|10.1.17.2|LDAP|129||||||
7676|10.1.17.215|10.1.17.2|LDAP|129||||||
14567|10.1.17.215|10.1.17.2|DCERPC|214||||||
14568|10.1.17.2|10.1.17.215|DCERPC|162||||||
14569|10.1.17.215|10.1.17.2|EPM|222||||||
14570|10.1.17.2|10.1.17.215|EPM|322||||||
14575|10.1.17.215|10.1.17.2|DCERPC|851||BLUEMOONTUESDAY.COM|LDAP,WIN-GSH54QLW48D.bluemoontuesday.com,bluemoontuesday.com|||
14577|10.1.17.2|10.1.17.215|DCERPC|338||||||
14578|10.1.17.215|10.1.17.2|DCERPC|274||||||
14579|10.1.17.2|10.1.17.215|DCERPC|159||||||
14580|10.1.17.215|10.1.17.2|DRSUAPI|322||||||
14581|10.1.17.2|10.1.17.215|DRSUAPI|258||||||
14582|10.1.17.215|10.1.17.2|DRSUAPI|338||||||
14583|10.1.17.2|10.1.17.215|DRSUAPI|450||||||
14584|10.1.17.215|10.1.17.2|DRSUAPI|194||||||
14585|10.1.17.2|10.1.17.215|DRSUAPI|194||||||
14586|10.1.17.215|10.1.17.2|EPM|222||||||
14587|10.1.17.2|10.1.17.215|EPM|322||||||
14588|10.1.17.215|10.1.17.2|DRSUAPI|258||||||
14589|10.1.17.2|10.1.17.215|DRSUAPI|258||||||
14590|10.1.17.215|10.1.17.2|DRSUAPI|338||||||
14591|10.1.17.2|10.1.17.215|DRSUAPI|450||||||
14592|10.1.17.215|10.1.17.2|DRSUAPI|194||||||
14593|10.1.17.2|10.1.17.215|DRSUAPI|194||||||
14597|10.1.17.215|10.1.17.2|LDAP|404||||||
14599|10.1.17.2|10.1.17.215|LDAP|1450||||||
14602|10.1.17.215|10.1.17.2|LDAP|743||BLUEMOONTUESDAY.COM|LDAP,WIN-GSH54QLW48D.bluemoontuesday.com,bluemoontuesday.com|||
14604|10.1.17.2|10.1.17.215|LDAP|265||||||
14605|10.1.17.215|10.1.17.2|LDAP|238||||||
14606|10.1.17.2|10.1.17.215|LDAP|262||||||
14607|10.1.17.215|10.1.17.2|LDAP|243||||||
14608|10.1.17.2|10.1.17.215|LDAP|220||||||
14609|10.1.17.215|10.1.17.2|LDAP|237||||||
14610|10.1.17.2|10.1.17.215|LDAP|273||||||
14615|10.1.17.215|10.1.17.2|LDAP|743||BLUEMOONTUESDAY.COM|LDAP,WIN-GSH54QLW48D.bluemoontuesday.com,bluemoontuesday.com|||
14617|10.1.17.2|10.1.17.215|LDAP|265||||||
14618|10.1.17.215|10.1.17.2|LDAP|172||||||
14621|10.1.17.2|10.1.17.215|LDAP|330||||||
14623|10.1.17.215|10.1.17.2|LDAP|312||||||
14624|10.1.17.2|10.1.17.215|LDAP|340||||||
14625|10.1.17.215|10.1.17.2|LDAP|129||||||
14628|10.1.17.215|10.1.17.2|LDAP|129||||||
14691|10.1.17.215|10.1.17.255|BROWSER|228||||||
14699|10.1.17.215|10.1.17.2|LDAP|404||||||
14701|10.1.17.2|10.1.17.215|LDAP|1450||||||
14707|10.1.17.215|10.1.17.2|KRB5|463||BLUEMOONTUESDAY.COM,BLUEMOONTUESDAY.COM|krbtgt,BLUEMOONTUESDAY.COM,ldap,win-gsh54qlw48d.bluemoontuesday.com|||
14710|10.1.17.2|10.1.17.215|KRB5|435|shutchenson|BLUEMOONTUESDAY.COM|ldap,win-gsh54qlw48d.bluemoontuesday.com|||
14716|10.1.17.215|10.1.17.2|LDAP|677||BLUEMOONTUESDAY.COM|ldap,win-gsh54qlw48d.bluemoontuesday.com|||
14719|10.1.17.2|10.1.17.215|LDAP|265||||||
14720|10.1.17.215|10.1.17.2|LDAP|250||||||
14721|10.1.17.2|10.1.17.215|LDAP|275||||||
14722|10.1.17.215|10.1.17.2|LDAP|129||||||
14728|10.1.17.215|10.1.17.2|LDAP|677||BLUEMOONTUESDAY.COM|ldap,win-gsh54qlw48d.bluemoontuesday.com|||
14730|10.1.17.2|10.1.17.215|LDAP|265||||||
14731|10.1.17.215|10.1.17.2|LDAP|250||||||
14732|10.1.17.2|10.1.17.215|LDAP|275||||||
14733|10.1.17.215|10.1.17.2|LDAP|129||||||
14737|10.1.17.215|10.1.17.255|BROWSER|228||||||
14738|10.1.17.215|10.1.17.255|BROWSER|228||||||
14739|10.1.17.215|10.1.17.255|BROWSER|228||||||
14744|10.1.17.215|10.1.17.255|BROWSER|240||||||
14745|10.1.17.215|10.1.17.255|BROWSER|240||||||
14746|10.1.17.215|10.1.17.255|BROWSER|240||||||
14747|10.1.17.215|10.1.17.255|BROWSER|240||||||
14939|10.1.17.215|10.1.17.2|LDAP|404||||||
14941|10.1.17.2|10.1.17.215|LDAP|1450||||||
14944|10.1.17.215|10.1.17.2|LDAP|677||BLUEMOONTUESDAY.COM|ldap,win-gsh54qlw48d.bluemoontuesday.com|||
14946|10.1.17.2|10.1.17.215|LDAP|265||||||
14947|10.1.17.215|10.1.17.2|LDAP|250||||||
14948|10.1.17.2|10.1.17.215|LDAP|275||||||
14949|10.1.17.215|10.1.17.2|LDAP|129||||||
14956|10.1.17.215|10.1.17.2|LDAP|677||BLUEMOONTUESDAY.COM|ldap,win-gsh54qlw48d.bluemoontuesday.com|||
14958|10.1.17.2|10.1.17.215|LDAP|265||||||
14959|10.1.17.215|10.1.17.2|LDAP|250||||||
14960|10.1.17.2|10.1.17.215|LDAP|275||||||
14961|10.1.17.215|10.1.17.2|LDAP|129||||||
14975|10.1.17.215|10.1.17.2|DCERPC|214||||||
14976|10.1.17.2|10.1.17.215|DCERPC|162||||||
14977|10.1.17.215|10.1.17.2|EPM|222||||||
14978|10.1.17.2|10.1.17.215|EPM|322||||||
14983|10.1.17.215|10.1.17.2|DCERPC|852||BLUEMOONTUESDAY.COM|LDAP,WIN-GSH54QLW48D.bluemoontuesday.com,bluemoontuesday.com|||
14985|10.1.17.2|10.1.17.215|DCERPC|339||||||
14986|10.1.17.215|10.1.17.2|DCERPC|274||||||
14987|10.1.17.2|10.1.17.215|DCERPC|159||||||
14988|10.1.17.215|10.1.17.2|DRSUAPI|322||||||
14989|10.1.17.2|10.1.17.215|DRSUAPI|258||||||
14990|10.1.17.215|10.1.17.2|DRSUAPI|338||||||
14991|10.1.17.2|10.1.17.215|DRSUAPI|450||||||
14992|10.1.17.215|10.1.17.2|DRSUAPI|194||||||
14993|10.1.17.2|10.1.17.215|DRSUAPI|194||||||
14994|10.1.17.215|10.1.17.2|EPM|222||||||
14995|10.1.17.2|10.1.17.215|EPM|322||||||
14996|10.1.17.215|10.1.17.2|DRSUAPI|258||||||
14997|10.1.17.2|10.1.17.215|DRSUAPI|258||||||
14998|10.1.17.215|10.1.17.2|DRSUAPI|338||||||
14999|10.1.17.2|10.1.17.215|DRSUAPI|450||||||
15000|10.1.17.215|10.1.17.2|DRSUAPI|194||||||
15001|10.1.17.2|10.1.17.215|DRSUAPI|194||||||
15005|10.1.17.215|10.1.17.2|LDAP|404||||||
15007|10.1.17.2|10.1.17.215|LDAP|1450||||||
15010|10.1.17.215|10.1.17.2|LDAP|743||BLUEMOONTUESDAY.COM|LDAP,WIN-GSH54QLW48D.bluemoontuesday.com,bluemoontuesday.com|||
15012|10.1.17.2|10.1.17.215|LDAP|265||||||
15013|10.1.17.215|10.1.17.2|LDAP|238||||||
15014|10.1.17.2|10.1.17.215|LDAP|262||||||
15015|10.1.17.215|10.1.17.2|LDAP|243||||||
15016|10.1.17.2|10.1.17.215|LDAP|220||||||
15017|10.1.17.215|10.1.17.2|LDAP|237||||||
15018|10.1.17.2|10.1.17.215|LDAP|273||||||
15023|10.1.17.215|10.1.17.2|LDAP|743||BLUEMOONTUESDAY.COM|LDAP,WIN-GSH54QLW48D.bluemoontuesday.com,bluemoontuesday.com|||
15025|10.1.17.2|10.1.17.215|LDAP|265||||||
15026|10.1.17.215|10.1.17.2|LDAP|172||||||
15029|10.1.17.2|10.1.17.215|LDAP|330||||||
15031|10.1.17.215|10.1.17.2|LDAP|312||||||
15032|10.1.17.2|10.1.17.215|LDAP|340||||||
15033|10.1.17.215|10.1.17.2|LDAP|129||||||
15035|10.1.17.215|10.1.17.2|LDAP|129||||||
15345|10.1.17.215|10.1.17.2|DCERPC|214||||||
15346|10.1.17.2|10.1.17.215|DCERPC|162||||||
15347|10.1.17.215|10.1.17.2|EPM|222||||||
15348|10.1.17.2|10.1.17.215|EPM|322||||||
15353|10.1.17.215|10.1.17.2|DCERPC|852||BLUEMOONTUESDAY.COM|LDAP,WIN-GSH54QLW48D.bluemoontuesday.com,bluemoontuesday.com|||
15355|10.1.17.2|10.1.17.215|DCERPC|339||||||
15356|10.1.17.215|10.1.17.2|DCERPC|274||||||
15357|10.1.17.2|10.1.17.215|DCERPC|159||||||
15358|10.1.17.215|10.1.17.2|DRSUAPI|322||||||
15359|10.1.17.2|10.1.17.215|DRSUAPI|258||||||
15360|10.1.17.215|10.1.17.2|DRSUAPI|338||||||
15361|10.1.17.2|10.1.17.215|DRSUAPI|450||||||
15362|10.1.17.215|10.1.17.2|DRSUAPI|194||||||
15363|10.1.17.2|10.1.17.215|DRSUAPI|194||||||
15364|10.1.17.215|10.1.17.2|EPM|222||||||
15365|10.1.17.2|10.1.17.215|EPM|322||||||
15366|10.1.17.215|10.1.17.2|DRSUAPI|258||||||
15367|10.1.17.2|10.1.17.215|DRSUAPI|258||||||
15368|10.1.17.215|10.1.17.2|DRSUAPI|338||||||
15369|10.1.17.2|10.1.17.215|DRSUAPI|450||||||
15370|10.1.17.215|10.1.17.2|DRSUAPI|194||||||
15371|10.1.17.2|10.1.17.215|DRSUAPI|194||||||
15375|10.1.17.215|10.1.17.2|LDAP|404||||||
15377|10.1.17.2|10.1.17.215|LDAP|1450||||||
15380|10.1.17.215|10.1.17.2|LDAP|743||BLUEMOONTUESDAY.COM|LDAP,WIN-GSH54QLW48D.bluemoontuesday.com,bluemoontuesday.com|||
15382|10.1.17.2|10.1.17.215|LDAP|265||||||
15383|10.1.17.215|10.1.17.2|LDAP|238||||||
15384|10.1.17.2|10.1.17.215|LDAP|262||||||
15385|10.1.17.215|10.1.17.2|LDAP|243||||||
15386|10.1.17.2|10.1.17.215|LDAP|220||||||
15387|10.1.17.215|10.1.17.2|LDAP|237||||||
15388|10.1.17.2|10.1.17.215|LDAP|273||||||
15393|10.1.17.215|10.1.17.2|LDAP|743||BLUEMOONTUESDAY.COM|LDAP,WIN-GSH54QLW48D.bluemoontuesday.com,bluemoontuesday.com|||
15395|10.1.17.2|10.1.17.215|LDAP|265||||||
15396|10.1.17.215|10.1.17.2|LDAP|172||||||
15399|10.1.17.2|10.1.17.215|LDAP|330||||||
15401|10.1.17.215|10.1.17.2|LDAP|312||||||
15402|10.1.17.2|10.1.17.215|LDAP|340||||||
15403|10.1.17.215|10.1.17.2|LDAP|129||||||
15405|10.1.17.215|10.1.17.2|LDAP|129||||||
15453|10.1.17.215|10.1.17.2|SMB|213||||||
15461|10.1.17.215|10.1.17.2|KRB5|463||BLUEMOONTUESDAY.COM,BLUEMOONTUESDAY.COM|krbtgt,BLUEMOONTUESDAY.COM,cifs,WIN-GSH54QLW48D.bluemoontuesday.com|||
15464|10.1.17.2|10.1.17.215|KRB5|435|shutchenson|BLUEMOONTUESDAY.COM|cifs,WIN-GSH54QLW48D.bluemoontuesday.com|||
15473|10.1.17.215|10.1.17.2|KRB5|256||BLUEMOONTUESDAY.COM,BLUEMOONTUESDAY.COM|krbtgt,BLUEMOONTUESDAY.COM,krbtgt,BLUEMOONTUESDAY.COM|||
15476|10.1.17.2|10.1.17.215|KRB5|285|shutchenson|BLUEMOONTUESDAY.COM|krbtgt,BLUEMOONTUESDAY.COM|||
15483|10.1.17.215|10.1.17.2|SMB2|901||BLUEMOONTUESDAY.COM|cifs,WIN-GSH54QLW48D.bluemoontuesday.com|||
15485|10.1.17.2|10.1.17.215|SMB2|315||||||
15495|10.1.17.215|10.1.17.2|DCERPC|330||||||
15498|10.1.17.2|10.1.17.215|DCERPC|254||||||
15499|10.1.17.215|10.1.17.2|SAMR|330||||||
15500|10.1.17.2|10.1.17.215|SAMR|234||||||
15501|10.1.17.215|10.1.17.2|SAMR|230||||||
15502|10.1.17.2|10.1.17.215|SAMR|386||||||
15503|10.1.17.215|10.1.17.2|SAMR|296||||||
15504|10.1.17.2|10.1.17.215|SAMR|238||||||
15505|10.1.17.215|10.1.17.2|SAMR|258||||||
15506|10.1.17.2|10.1.17.215|SAMR|218||||||
15507|10.1.17.215|10.1.17.2|SAMR|246||||||
15508|10.1.17.2|10.1.17.215|SAMR|218||||||
15509|10.1.17.215|10.1.17.2|SAMR|312||||||
15510|10.1.17.2|10.1.17.215|SAMR|258||||||
15511|10.1.17.215|10.1.17.2|SAMR|230||||||
15512|10.1.17.2|10.1.17.215|SAMR|218||||||
15513|10.1.17.215|10.1.17.2|SAMR|226||||||
15514|10.1.17.2|10.1.17.215|SAMR|878||||||
15515|10.1.17.215|10.1.17.2|SAMR|226||||||
15516|10.1.17.2|10.1.17.215|SAMR|418||||||
15517|10.1.17.215|10.1.17.2|SAMR|222||||||
15518|10.1.17.2|10.1.17.215|SAMR|238||||||
15519|10.1.17.215|10.1.17.2|SAMR|342||||||
15520|10.1.17.2|10.1.17.215|SAMR|226||||||
15521|10.1.17.215|10.1.17.2|SAMR|222||||||
15522|10.1.17.2|10.1.17.215|SAMR|218||||||
15523|10.1.17.215|10.1.17.2|SAMR|222||||||
15524|10.1.17.2|10.1.17.215|SAMR|218||||||
15525|10.1.17.215|10.1.17.2|SAMR|222||||||
15526|10.1.17.2|10.1.17.215|SAMR|218||||||
15527|10.1.17.215|10.1.17.2|SAMR|222||||||
15528|10.1.17.2|10.1.17.215|SAMR|218||||||
15536|10.1.17.215|10.1.17.255|BROWSER|243||||||
15561|169.254.168.209|169.254.255.255|BROWSER|228||||||
15562|169.254.168.209|169.254.255.255|BROWSER|243||||||
15563|169.254.168.209|169.254.255.255|BROWSER|228||||||
15564|169.254.168.209|169.254.255.255|BROWSER|228||||||
15565|169.254.168.209|169.254.255.255|BROWSER|228||||||
15566|169.254.168.209|169.254.255.255|BROWSER|240||||||
15567|169.254.168.209|169.254.255.255|BROWSER|240||||||
15568|169.254.168.209|169.254.255.255|BROWSER|240||||||
15569|169.254.168.209|169.254.255.255|BROWSER|240||||||
15578|169.254.168.209|169.254.255.255|BROWSER|228||||||
15579|169.254.168.209|169.254.255.255|BROWSER|228||||||
15580|169.254.168.209|169.254.255.255|BROWSER|258||||||
15702|10.1.17.215|10.1.17.2|LDAP|404||||||
15704|10.1.17.2|10.1.17.215|LDAP|1450||||||
15709|10.1.17.215|10.1.17.2|KRB5|301|desktop-l8c5gsj$|bluemoontuesday.com|krbtgt,bluemoontuesday.com|||
15710|10.1.17.2|10.1.17.215|KRB5|298||bluemoontuesday.com|krbtgt,bluemoontuesday.com|||
15717|10.1.17.215|10.1.17.2|KRB5|381|desktop-l8c5gsj$|bluemoontuesday.com|krbtgt,bluemoontuesday.com|||
15719|10.1.17.2|10.1.17.215|KRB5|445|DESKTOP-L8C5GSJ$|BLUEMOONTUESDAY.COM|krbtgt,BLUEMOONTUESDAY.COM|||
15728|10.1.17.215|10.1.17.2|KRB5|507||BLUEMOONTUESDAY.COM,BLUEMOONTUESDAY.COM|krbtgt,BLUEMOONTUESDAY.COM,ldap,win-gsh54qlw48d.bluemoontuesday.com,bluemoontuesday.com|||
15731|10.1.17.2|10.1.17.215|KRB5|479|DESKTOP-L8C5GSJ$|BLUEMOONTUESDAY.COM|ldap,win-gsh54qlw48d.bluemoontuesday.com,bluemoontuesday.com|||
15737|10.1.17.215|10.1.17.2|LDAP|748||BLUEMOONTUESDAY.COM|ldap,win-gsh54qlw48d.bluemoontuesday.com,bluemoontuesday.com|||
15739|10.1.17.2|10.1.17.215|LDAP|264||||||
15740|10.1.17.215|10.1.17.2|LDAP|129||||||
15983|10.1.17.215|10.1.17.255|BROWSER|228||||||
15984|10.1.17.215|10.1.17.255|BROWSER|243||||||
16024|10.1.17.215|10.1.17.255|BROWSER|228||||||
16065|10.1.17.215|10.1.17.2|DCERPC|214||||||
16066|10.1.17.2|10.1.17.215|DCERPC|162||||||
16067|10.1.17.215|10.1.17.2|EPM|222||||||
16068|10.1.17.2|10.1.17.215|EPM|322||||||
16075|10.1.17.215|10.1.17.2|KRB5|301|desktop-l8c5gsj$|BLUEMOONTUESDAY.COM|krbtgt,BLUEMOONTUESDAY.COM|||
16076|10.1.17.2|10.1.17.215|KRB5|298||BLUEMOONTUESDAY.COM|krbtgt,BLUEMOONTUESDAY.COM|||
16087|10.1.17.215|10.1.17.2|KRB5|381|desktop-l8c5gsj$|BLUEMOONTUESDAY.COM|krbtgt,BLUEMOONTUESDAY.COM|||
16089|10.1.17.2|10.1.17.215|KRB5|445|DESKTOP-L8C5GSJ$|BLUEMOONTUESDAY.COM|krbtgt,BLUEMOONTUESDAY.COM|||
16098|10.1.17.215|10.1.17.2|KRB5|507||BLUEMOONTUESDAY.COM,BLUEMOONTUESDAY.COM|krbtgt,BLUEMOONTUESDAY.COM,LDAP,WIN-GSH54QLW48D.bluemoontuesday.com,bluemoontuesday.com|||
16101|10.1.17.2|10.1.17.215|KRB5|479|DESKTOP-L8C5GSJ$|BLUEMOONTUESDAY.COM|LDAP,WIN-GSH54QLW48D.bluemoontuesday.com,bluemoontuesday.com|||
16107|10.1.17.215|10.1.17.2|DCERPC|869||BLUEMOONTUESDAY.COM|LDAP,WIN-GSH54QLW48D.bluemoontuesday.com,bluemoontuesday.com|||
16109|10.1.17.2|10.1.17.215|DCERPC|338||||||
16110|10.1.17.215|10.1.17.2|DCERPC|274||||||
16111|10.1.17.2|10.1.17.215|DCERPC|159||||||
16112|10.1.17.215|10.1.17.2|DRSUAPI|322||||||
16113|10.1.17.2|10.1.17.215|DRSUAPI|258||||||
16114|10.1.17.215|10.1.17.2|DRSUAPI|338||||||
16115|10.1.17.2|10.1.17.215|DRSUAPI|450||||||
16116|10.1.17.215|10.1.17.2|DRSUAPI|338||||||
16117|10.1.17.2|10.1.17.215|DRSUAPI|418||||||
16118|10.1.17.215|10.1.17.2|DRSUAPI|194||||||
16119|10.1.17.2|10.1.17.215|DRSUAPI|194||||||
16123|10.1.17.215|10.1.17.2|DCERPC|214||||||
16124|10.1.17.2|10.1.17.215|DCERPC|162||||||
16125|10.1.17.215|10.1.17.2|EPM|222||||||
16126|10.1.17.2|10.1.17.215|EPM|322||||||
16134|10.1.17.215|10.1.17.2|KRB5|486||BLUEMOONTUESDAY.COM,BLUEMOONTUESDAY.COM|krbtgt,BLUEMOONTUESDAY.COM,LDAP,WIN-GSH54QLW48D.bluemoontuesday.com|||
16137|10.1.17.2|10.1.17.215|KRB5|453|DESKTOP-L8C5GSJ$|BLUEMOONTUESDAY.COM|LDAP,WIN-GSH54QLW48D.bluemoontuesday.com|||
16143|10.1.17.215|10.1.17.2|DCERPC|803||BLUEMOONTUESDAY.COM|LDAP,WIN-GSH54QLW48D.bluemoontuesday.com|||
16145|10.1.17.2|10.1.17.215|DCERPC|338||||||
16146|10.1.17.215|10.1.17.2|DCERPC|274||||||
16147|10.1.17.2|10.1.17.215|DCERPC|159||||||
16148|10.1.17.215|10.1.17.2|DRSUAPI|322||||||
16149|10.1.17.2|10.1.17.215|DRSUAPI|258||||||
16151|10.1.17.215|10.1.17.2|DRSUAPI|498||||||
16152|10.1.17.2|10.1.17.215|DRSUAPI|178||||||
16153|10.1.17.215|10.1.17.2|DRSUAPI|466||||||
16154|10.1.17.2|10.1.17.215|DRSUAPI|178||||||
16155|10.1.17.215|10.1.17.2|DRSUAPI|194||||||
16156|10.1.17.2|10.1.17.215|DRSUAPI|194||||||
16160|10.1.17.215|10.1.17.255|BROWSER|228||||||
16201|10.1.17.215|10.1.17.255|BROWSER|228||||||
16212|10.1.17.215|10.1.17.255|BROWSER|240||||||
16213|10.1.17.215|10.1.17.255|BROWSER|240||||||
16214|10.1.17.215|10.1.17.255|BROWSER|240||||||
16215|10.1.17.215|10.1.17.255|BROWSER|240||||||
16884|10.1.17.215|10.1.17.2|DCERPC|214||||||
16885|10.1.17.2|10.1.17.215|DCERPC|162||||||
16886|10.1.17.215|10.1.17.2|EPM|222||||||
16887|10.1.17.2|10.1.17.215|EPM|322||||||
16894|10.1.17.215|10.1.17.2|KRB5|296|shutchenson|BLUEMOONTUESDAY.COM|krbtgt,BLUEMOONTUESDAY.COM|||
16895|10.1.17.2|10.1.17.215|KRB5|270||BLUEMOONTUESDAY.COM|krbtgt,BLUEMOONTUESDAY.COM|||
16902|10.1.17.215|10.1.17.2|KRB5|376|shutchenson|BLUEMOONTUESDAY.COM|krbtgt,BLUEMOONTUESDAY.COM|||
16904|10.1.17.2|10.1.17.215|KRB5|399|shutchenson|BLUEMOONTUESDAY.COM|krbtgt,BLUEMOONTUESDAY.COM|||
16913|10.1.17.215|10.1.17.2|KRB5|489||BLUEMOONTUESDAY.COM,BLUEMOONTUESDAY.COM|krbtgt,BLUEMOONTUESDAY.COM,LDAP,WIN-GSH54QLW48D.bluemoontuesday.com,bluemoontuesday.com|||
16916|10.1.17.2|10.1.17.215|KRB5|461|shutchenson|BLUEMOONTUESDAY.COM|LDAP,WIN-GSH54QLW48D.bluemoontuesday.com,bluemoontuesday.com|||
16922|10.1.17.215|10.1.17.2|DCERPC|851||BLUEMOONTUESDAY.COM|LDAP,WIN-GSH54QLW48D.bluemoontuesday.com,bluemoontuesday.com|||
16924|10.1.17.2|10.1.17.215|DCERPC|338||||||
16925|10.1.17.215|10.1.17.2|DCERPC|274||||||
16926|10.1.17.2|10.1.17.215|DCERPC|159||||||
16927|10.1.17.215|10.1.17.2|DRSUAPI|322||||||
16928|10.1.17.2|10.1.17.215|DRSUAPI|258||||||
16929|10.1.17.215|10.1.17.2|DRSUAPI|338||||||
16930|10.1.17.2|10.1.17.215|DRSUAPI|450||||||
16931|10.1.17.215|10.1.17.2|DRSUAPI|194||||||
16932|10.1.17.2|10.1.17.215|DRSUAPI|194||||||
16933|10.1.17.215|10.1.17.2|EPM|222||||||
16934|10.1.17.2|10.1.17.215|EPM|322||||||
16935|10.1.17.215|10.1.17.2|DRSUAPI|258||||||
16936|10.1.17.2|10.1.17.215|DRSUAPI|258||||||
16937|10.1.17.215|10.1.17.2|DRSUAPI|338||||||
16938|10.1.17.2|10.1.17.215|DRSUAPI|450||||||
16939|10.1.17.215|10.1.17.2|DRSUAPI|194||||||
16940|10.1.17.2|10.1.17.215|DRSUAPI|194||||||
16950|10.1.17.215|10.1.17.2|LDAP|404||||||
16952|10.1.17.2|10.1.17.215|LDAP|1450||||||
16955|10.1.17.215|10.1.17.2|LDAP|742||BLUEMOONTUESDAY.COM|LDAP,WIN-GSH54QLW48D.bluemoontuesday.com,bluemoontuesday.com|||
16957|10.1.17.2|10.1.17.215|LDAP|264||||||
16958|10.1.17.215|10.1.17.2|LDAP|238||||||
16959|10.1.17.2|10.1.17.215|LDAP|262||||||
16960|10.1.17.215|10.1.17.2|LDAP|243||||||
16961|10.1.17.2|10.1.17.215|LDAP|220||||||
16962|10.1.17.215|10.1.17.2|LDAP|237||||||
16963|10.1.17.2|10.1.17.215|LDAP|273||||||
16968|10.1.17.215|10.1.17.2|LDAP|742||BLUEMOONTUESDAY.COM|LDAP,WIN-GSH54QLW48D.bluemoontuesday.com,bluemoontuesday.com|||
16970|10.1.17.2|10.1.17.215|LDAP|264||||||
16971|10.1.17.215|10.1.17.2|LDAP|172||||||
16974|10.1.17.2|10.1.17.215|LDAP|330||||||
16976|10.1.17.215|10.1.17.2|LDAP|312||||||
16977|10.1.17.2|10.1.17.215|LDAP|340||||||
16978|10.1.17.215|10.1.17.2|LDAP|129||||||
16981|10.1.17.215|10.1.17.2|LDAP|129||||||
17029|10.1.17.215|10.1.17.2|DCERPC|214||||||
17030|10.1.17.2|10.1.17.215|DCERPC|162||||||
17031|10.1.17.215|10.1.17.2|EPM|222||||||
17032|10.1.17.2|10.1.17.215|EPM|418||||||
17040|10.1.17.215|10.1.17.2|KRB5|511||BLUEMOONTUESDAY.COM,BLUEMOONTUESDAY.COM|krbtgt,BLUEMOONTUESDAY.COM,netlogon,WIN-GSH54QLW48D.bluemoontuesday.com,bluemoontuesday.com|||
17043|10.1.17.2|10.1.17.215|KRB5|503|DESKTOP-L8C5GSJ$|BLUEMOONTUESDAY.COM|netlogon,WIN-GSH54QLW48D.bluemoontuesday.com,bluemoontuesday.com|||
17049|10.1.17.215|10.1.17.2|DCERPC|803||BLUEMOONTUESDAY.COM|netlogon,WIN-GSH54QLW48D.bluemoontuesday.com,bluemoontuesday.com|||
17051|10.1.17.2|10.1.17.215|DCERPC|308||||||
17052|10.1.17.215|10.1.17.2|DCERPC|227||||||
17053|10.1.17.2|10.1.17.215|DCERPC|118||||||
17054|10.1.17.215|10.1.17.2|RPC_NETLOGON|450||||||
17055|10.1.17.2|10.1.17.215|DCERPC|86||||||
17062|10.1.17.215|10.1.17.2|DCERPC|126||||||
17063|10.1.17.2|10.1.17.215|DCERPC|110||||||
17064|10.1.17.215|10.1.17.2|RPC_NETLOGON|254||||||
17065|10.1.17.2|10.1.17.215|RPC_NETLOGON|90||||||
17066|10.1.17.215|10.1.17.2|RPC_NETLOGON|322||||||
17067|10.1.17.2|10.1.17.215|RPC_NETLOGON|98||||||
17068|10.1.17.215|10.1.17.2|DCERPC|212||||||
17069|10.1.17.2|10.1.17.215|DCERPC|130||||||
17070|10.1.17.215|10.1.17.2|RPC_NETLOGON|350||||||
17071|10.1.17.2|10.1.17.215|RPC_NETLOGON|174||||||
17072|10.1.17.215|10.1.17.2|RPC_NETLOGON|350||||||
17073|10.1.17.2|10.1.17.215|RPC_NETLOGON|174||||||
17074|10.1.17.215|10.1.17.2|RPC_NETLOGON|1038||||||
17075|10.1.17.2|10.1.17.215|RPC_NETLOGON|1118||||||
17111|10.1.17.215|10.1.17.2|DCERPC|214||||||
17112|10.1.17.2|10.1.17.215|DCERPC|162||||||
17113|10.1.17.215|10.1.17.2|EPM|222||||||
17114|10.1.17.2|10.1.17.215|EPM|322||||||
17119|10.1.17.215|10.1.17.2|DCERPC|869||BLUEMOONTUESDAY.COM|LDAP,WIN-GSH54QLW48D.bluemoontuesday.com,bluemoontuesday.com|||
17121|10.1.17.2|10.1.17.215|DCERPC|338||||||
17122|10.1.17.215|10.1.17.2|DCERPC|274||||||
17123|10.1.17.2|10.1.17.215|DCERPC|159||||||
17124|10.1.17.215|10.1.17.2|DRSUAPI|322||||||
17125|10.1.17.2|10.1.17.215|DRSUAPI|258||||||
17126|10.1.17.215|10.1.17.2|DRSUAPI|338||||||
17127|10.1.17.2|10.1.17.215|DRSUAPI|450||||||
17128|10.1.17.215|10.1.17.2|DRSUAPI|194||||||
17129|10.1.17.2|10.1.17.215|DRSUAPI|194||||||
17130|10.1.17.215|10.1.17.2|EPM|222||||||
17131|10.1.17.2|10.1.17.215|EPM|322||||||
17132|10.1.17.215|10.1.17.2|DRSUAPI|258||||||
17133|10.1.17.2|10.1.17.215|DRSUAPI|258||||||
17134|10.1.17.215|10.1.17.2|DRSUAPI|338||||||
17135|10.1.17.2|10.1.17.215|DRSUAPI|450||||||
17136|10.1.17.215|10.1.17.2|DRSUAPI|194||||||
17137|10.1.17.2|10.1.17.215|DRSUAPI|194||||||
17141|10.1.17.215|10.1.17.2|LDAP|404||||||
17143|10.1.17.2|10.1.17.215|LDAP|1450||||||
17146|10.1.17.215|10.1.17.2|LDAP|760||BLUEMOONTUESDAY.COM|LDAP,WIN-GSH54QLW48D.bluemoontuesday.com,bluemoontuesday.com|||
17148|10.1.17.2|10.1.17.215|LDAP|264||||||
17149|10.1.17.215|10.1.17.2|LDAP|238||||||
17150|10.1.17.2|10.1.17.215|LDAP|262||||||
17151|10.1.17.215|10.1.17.2|LDAP|243||||||
17152|10.1.17.2|10.1.17.215|LDAP|220||||||
17153|10.1.17.215|10.1.17.2|LDAP|237||||||
17154|10.1.17.2|10.1.17.215|LDAP|273||||||
17159|10.1.17.215|10.1.17.2|LDAP|760||BLUEMOONTUESDAY.COM|LDAP,WIN-GSH54QLW48D.bluemoontuesday.com,bluemoontuesday.com|||
17161|10.1.17.2|10.1.17.215|LDAP|264||||||
17162|10.1.17.215|10.1.17.2|LDAP|172||||||
17165|10.1.17.2|10.1.17.215|LDAP|330||||||
17167|10.1.17.215|10.1.17.2|LDAP|312||||||
17168|10.1.17.2|10.1.17.215|LDAP|340||||||
17169|10.1.17.215|10.1.17.2|LDAP|129||||||
17171|10.1.17.215|10.1.17.2|LDAP|129||||||
17190|10.1.17.215|10.1.17.2|SMB|213||||||
17198|10.1.17.215|10.1.17.2|KRB5|480||BLUEMOONTUESDAY.COM,BLUEMOONTUESDAY.COM|krbtgt,BLUEMOONTUESDAY.COM,cifs,WIN-GSH54QLW48D.bluemoontuesday.com|||
17201|10.1.17.2|10.1.17.215|KRB5|453|DESKTOP-L8C5GSJ$|BLUEMOONTUESDAY.COM|cifs,WIN-GSH54QLW48D.bluemoontuesday.com|||
17210|10.1.17.215|10.1.17.2|KRB5|271||BLUEMOONTUESDAY.COM,BLUEMOONTUESDAY.COM|krbtgt,BLUEMOONTUESDAY.COM,krbtgt,BLUEMOONTUESDAY.COM|||
17213|10.1.17.2|10.1.17.215|KRB5|301|DESKTOP-L8C5GSJ$|BLUEMOONTUESDAY.COM|krbtgt,BLUEMOONTUESDAY.COM|||
17220|10.1.17.215|10.1.17.2|SMB2|936||BLUEMOONTUESDAY.COM|cifs,WIN-GSH54QLW48D.bluemoontuesday.com|||
17222|10.1.17.2|10.1.17.215|SMB2|314||||||
17234|10.1.17.215|10.1.17.2|DCERPC|214||||||
17235|10.1.17.2|10.1.17.215|DCERPC|162||||||
17236|10.1.17.215|10.1.17.2|EPM|222||||||
17237|10.1.17.2|10.1.17.215|EPM|322||||||
17242|10.1.17.215|10.1.17.2|DCERPC|851||BLUEMOONTUESDAY.COM|LDAP,WIN-GSH54QLW48D.bluemoontuesday.com,bluemoontuesday.com|||
17244|10.1.17.2|10.1.17.215|DCERPC|338||||||
17245|10.1.17.215|10.1.17.2|DCERPC|274||||||
17246|10.1.17.2|10.1.17.215|DCERPC|159||||||
17247|10.1.17.215|10.1.17.2|DRSUAPI|322||||||
17248|10.1.17.2|10.1.17.215|DRSUAPI|258||||||
17249|10.1.17.215|10.1.17.2|DRSUAPI|322||||||
17250|10.1.17.2|10.1.17.215|DRSUAPI|450||||||
17252|10.1.17.215|10.1.17.2|DRSUAPI|322||||||
17254|10.1.17.2|10.1.17.215|DRSUAPI|418||||||
17255|10.1.17.215|10.1.17.2|DRSUAPI|194||||||
17256|10.1.17.2|10.1.17.215|DRSUAPI|194||||||
17263|10.1.17.215|10.1.17.2|LDAP|404||||||
17264|10.1.17.215|10.1.17.2|LDAP|404||||||
17266|10.1.17.2|10.1.17.215|LDAP|1450||||||
17268|10.1.17.2|10.1.17.215|LDAP|1450||||||
17272|10.1.17.215|10.1.17.2|LDAP|736||BLUEMOONTUESDAY.COM|LDAP,WIN-GSH54QLW48D.bluemoontuesday.com,bluemoontuesday.com|||
17274|10.1.17.215|10.1.17.2|LDAP|736||BLUEMOONTUESDAY.COM|LDAP,WIN-GSH54QLW48D.bluemoontuesday.com,bluemoontuesday.com|||
17277|10.1.17.2|10.1.17.215|LDAP|264||||||
17278|10.1.17.2|10.1.17.215|LDAP|264||||||
17279|10.1.17.215|10.1.17.2|LDAP|259||||||
17280|10.1.17.2|10.1.17.215|LDAP|600||||||
17287|10.1.17.215|10.1.17.2|LDAP|742||BLUEMOONTUESDAY.COM|LDAP,WIN-GSH54QLW48D.bluemoontuesday.com,bluemoontuesday.com|||
17290|10.1.17.215|10.1.17.2|KRB5|455||BLUEMOONTUESDAY.COM,BLUEMOONTUESDAY.COM|krbtgt,BLUEMOONTUESDAY.COM,DESKTOP-L8C5GSJ$|||
17293|10.1.17.2|10.1.17.215|LDAP|264||||||
17294|10.1.17.215|10.1.17.2|LDAP|262||||||
17296|10.1.17.2|10.1.17.215|KRB5|403|DESKTOP-L8C5GSJ$|BLUEMOONTUESDAY.COM|DESKTOP-L8C5GSJ$|||
17297|10.1.17.2|10.1.17.215|LDAP|247||||||
17302|10.1.17.215|10.1.17.2|LDAP|267||||||
17303|10.1.17.2|10.1.17.215|LDAP|241||||||
17304|10.1.17.215|10.1.17.2|LDAP|684||||||
17305|10.1.17.2|10.1.17.215|LDAP|140||||||
17306|10.1.17.215|10.1.17.2|LDAP|259||||||
17307|10.1.17.2|10.1.17.215|LDAP|600||||||
17312|10.1.17.215|10.1.17.2|LDAP|736||BLUEMOONTUESDAY.COM|LDAP,WIN-GSH54QLW48D.bluemoontuesday.com,bluemoontuesday.com|||
17314|10.1.17.2|10.1.17.215|LDAP|264||||||
17315|10.1.17.215|10.1.17.2|LDAP|262||||||
17316|10.1.17.2|10.1.17.215|LDAP|247||||||
17317|10.1.17.215|10.1.17.2|LDAP|267||||||
17318|10.1.17.2|10.1.17.215|LDAP|241||||||
17319|10.1.17.215|10.1.17.2|LDAP|687||||||
17320|10.1.17.2|10.1.17.215|LDAP|1339||||||
17321|10.1.17.215|10.1.17.2|LDAP|129||||||
17324|10.1.17.215|10.1.17.2|LDAP|129||||||
17331|10.1.17.215|10.1.17.2|KRB5|501||BLUEMOONTUESDAY.COM,BLUEMOONTUESDAY.COM|krbtgt,BLUEMOONTUESDAY.COM,cifs,WIN-GSH54QLW48D.bluemoontuesday.com,bluemoontuesday.com|||
17334|10.1.17.2|10.1.17.215|KRB5|479|DESKTOP-L8C5GSJ$|BLUEMOONTUESDAY.COM|cifs,WIN-GSH54QLW48D.bluemoontuesday.com,bluemoontuesday.com|||
17343|10.1.17.215|10.1.17.2|KRB5|273||BLUEMOONTUESDAY.COM,BLUEMOONTUESDAY.COM|krbtgt,BLUEMOONTUESDAY.COM,krbtgt,BLUEMOONTUESDAY.COM|||
17346|10.1.17.2|10.1.17.215|KRB5|303|DESKTOP-L8C5GSJ$|BLUEMOONTUESDAY.COM|krbtgt,BLUEMOONTUESDAY.COM|||
17353|10.1.17.215|10.1.17.2|SMB2|1002||BLUEMOONTUESDAY.COM|cifs,WIN-GSH54QLW48D.bluemoontuesday.com,bluemoontuesday.com|||
17355|10.1.17.2|10.1.17.215|SMB2|314||||||
17484|10.1.17.215|10.1.17.2|LDAP|129||||||
17487|10.1.17.215|10.1.17.2|LDAP|129||||||
17516|10.1.17.215|10.1.17.2|DCERPC|330||||||
17519|10.1.17.2|10.1.17.215|DCERPC|254||||||
17520|10.1.17.215|10.1.17.2|LSARPC|386||||||
17521|10.1.17.2|10.1.17.215|LSARPC|234||||||
17522|10.1.17.215|10.1.17.2|LSARPC|222||||||
17523|10.1.17.2|10.1.17.215|LSARPC|218||||||
17526|10.1.17.215|10.1.17.2|EPM|222||||||
17527|10.1.17.2|10.1.17.215|EPM|322||||||
17528|10.1.17.215|10.1.17.2|DCERPC|256||||||
17529|10.1.17.2|10.1.17.215|DCERPC|154||||||
17530|10.1.17.215|10.1.17.2|LSARPC|350||||||
17531|10.1.17.2|10.1.17.215|LSARPC|238||||||
17532|10.1.17.215|10.1.17.2|DCERPC|212||||||
17533|10.1.17.2|10.1.17.215|DCERPC|130||||||
17534|10.1.17.215|10.1.17.2|LSARPC|302||||||
17535|10.1.17.2|10.1.17.215|LSARPC|238||||||
17564|10.1.17.215|10.1.17.2|LDAP|404||||||
17566|10.1.17.2|10.1.17.215|LDAP|1450||||||
17572|10.1.17.215|10.1.17.2|KRB5|462||BLUEMOONTUESDAY.COM,BLUEMOONTUESDAY.COM|krbtgt,BLUEMOONTUESDAY.COM,ldap,win-gsh54qlw48d.bluemoontuesday.com|||
17575|10.1.17.2|10.1.17.215|KRB5|435|shutchenson|BLUEMOONTUESDAY.COM|ldap,win-gsh54qlw48d.bluemoontuesday.com|||
17581|10.1.17.215|10.1.17.2|LDAP|676||BLUEMOONTUESDAY.COM|ldap,win-gsh54qlw48d.bluemoontuesday.com|||
17583|10.1.17.2|10.1.17.215|LDAP|264||||||
17584|10.1.17.215|10.1.17.2|LDAP|250||||||
17585|10.1.17.2|10.1.17.215|LDAP|275||||||
17586|10.1.17.215|10.1.17.2|LDAP|129||||||
17593|10.1.17.215|10.1.17.2|LDAP|676||BLUEMOONTUESDAY.COM|ldap,win-gsh54qlw48d.bluemoontuesday.com|||
17595|10.1.17.2|10.1.17.215|LDAP|264||||||
17596|10.1.17.215|10.1.17.2|LDAP|250||||||
17597|10.1.17.2|10.1.17.215|LDAP|275||||||
17598|10.1.17.215|10.1.17.2|LDAP|129||||||
17610|10.1.17.215|10.1.17.2|DCERPC|214||||||
17611|10.1.17.2|10.1.17.215|DCERPC|162||||||
17612|10.1.17.215|10.1.17.2|EPM|222||||||
17613|10.1.17.2|10.1.17.215|EPM|322||||||
17618|10.1.17.215|10.1.17.2|DCERPC|851||BLUEMOONTUESDAY.COM|LDAP,WIN-GSH54QLW48D.bluemoontuesday.com,bluemoontuesday.com|||
17620|10.1.17.2|10.1.17.215|DCERPC|338||||||
17621|10.1.17.215|10.1.17.2|DCERPC|273||||||
17622|10.1.17.2|10.1.17.215|DCERPC|159||||||
17623|10.1.17.215|10.1.17.2|DRSUAPI|322||||||
17624|10.1.17.2|10.1.17.215|DRSUAPI|258||||||
17625|10.1.17.215|10.1.17.2|DRSUAPI|338||||||
17626|10.1.17.2|10.1.17.215|DRSUAPI|450||||||
17627|10.1.17.215|10.1.17.2|DRSUAPI|194||||||
17628|10.1.17.2|10.1.17.215|DRSUAPI|194||||||
17629|10.1.17.215|10.1.17.2|EPM|222||||||
17630|10.1.17.2|10.1.17.215|EPM|322||||||
17631|10.1.17.215|10.1.17.2|DRSUAPI|258||||||
17632|10.1.17.2|10.1.17.215|DRSUAPI|258||||||
17633|10.1.17.215|10.1.17.2|DRSUAPI|338||||||
17634|10.1.17.2|10.1.17.215|DRSUAPI|450||||||
17635|10.1.17.215|10.1.17.2|DRSUAPI|194||||||
17636|10.1.17.2|10.1.17.215|DRSUAPI|194||||||
17640|10.1.17.215|10.1.17.2|LDAP|404||||||
17642|10.1.17.2|10.1.17.215|LDAP|1450||||||
17645|10.1.17.215|10.1.17.2|LDAP|742||BLUEMOONTUESDAY.COM|LDAP,WIN-GSH54QLW48D.bluemoontuesday.com,bluemoontuesday.com|||
17647|10.1.17.2|10.1.17.215|LDAP|264||||||
17648|10.1.17.215|10.1.17.2|LDAP|238||||||
17649|10.1.17.2|10.1.17.215|LDAP|262||||||
17650|10.1.17.215|10.1.17.2|LDAP|243||||||
17651|10.1.17.2|10.1.17.215|LDAP|220||||||
17652|10.1.17.215|10.1.17.2|LDAP|237||||||
17653|10.1.17.2|10.1.17.215|LDAP|273||||||
17658|10.1.17.215|10.1.17.2|LDAP|742||BLUEMOONTUESDAY.COM|LDAP,WIN-GSH54QLW48D.bluemoontuesday.com,bluemoontuesday.com|||
17662|10.1.17.2|10.1.17.215|LDAP|264||||||
17663|10.1.17.215|10.1.17.2|LDAP|172||||||
17666|10.1.17.2|10.1.17.215|LDAP|330||||||
17668|10.1.17.215|10.1.17.2|LDAP|312||||||
17669|10.1.17.2|10.1.17.215|LDAP|340||||||
17670|10.1.17.215|10.1.17.2|LDAP|129||||||
17673|10.1.17.215|10.1.17.2|LDAP|129||||||
22267|10.1.17.215|10.1.17.2|DCERPC|214||||||
22268|10.1.17.2|10.1.17.215|DCERPC|162||||||
22269|10.1.17.215|10.1.17.2|EPM|222||||||
22271|10.1.17.2|10.1.17.215|EPM|322||||||
22284|10.1.17.215|10.1.17.2|DCERPC|851||BLUEMOONTUESDAY.COM|LDAP,WIN-GSH54QLW48D.bluemoontuesday.com,bluemoontuesday.com|||
22289|10.1.17.2|10.1.17.215|DCERPC|338||||||
22291|10.1.17.215|10.1.17.2|DCERPC|274||||||
22292|10.1.17.2|10.1.17.215|DCERPC|159||||||
22296|10.1.17.215|10.1.17.2|DRSUAPI|322||||||
22302|10.1.17.2|10.1.17.215|DRSUAPI|258||||||
22303|10.1.17.215|10.1.17.2|DRSUAPI|338||||||
22304|10.1.17.2|10.1.17.215|DRSUAPI|450||||||
22305|10.1.17.215|10.1.17.2|DRSUAPI|194||||||
22306|10.1.17.2|10.1.17.215|DRSUAPI|194||||||
22310|10.1.17.215|10.1.17.2|EPM|222||||||
22311|10.1.17.2|10.1.17.215|EPM|322||||||
22312|10.1.17.215|10.1.17.2|DRSUAPI|258||||||
22313|10.1.17.2|10.1.17.215|DRSUAPI|258||||||
22314|10.1.17.215|10.1.17.2|DRSUAPI|338||||||
22315|10.1.17.2|10.1.17.215|DRSUAPI|450||||||
22316|10.1.17.215|10.1.17.2|DRSUAPI|194||||||
22317|10.1.17.2|10.1.17.215|DRSUAPI|194||||||
22321|10.1.17.215|10.1.17.2|LDAP|404||||||
22323|10.1.17.2|10.1.17.215|LDAP|1450||||||
22326|10.1.17.215|10.1.17.2|LDAP|742||BLUEMOONTUESDAY.COM|LDAP,WIN-GSH54QLW48D.bluemoontuesday.com,bluemoontuesday.com|||
22328|10.1.17.2|10.1.17.215|LDAP|264||||||
22329|10.1.17.215|10.1.17.2|LDAP|238||||||
22330|10.1.17.2|10.1.17.215|LDAP|262||||||
22331|10.1.17.215|10.1.17.2|LDAP|243||||||
22332|10.1.17.2|10.1.17.215|LDAP|220||||||
22333|10.1.17.215|10.1.17.2|LDAP|237||||||
22334|10.1.17.2|10.1.17.215|LDAP|273||||||
22350|10.1.17.215|10.1.17.2|LDAP|742||BLUEMOONTUESDAY.COM|LDAP,WIN-GSH54QLW48D.bluemoontuesday.com,bluemoontuesday.com|||
22355|10.1.17.2|10.1.17.215|LDAP|264||||||
22356|10.1.17.215|10.1.17.2|LDAP|172||||||
22359|10.1.17.2|10.1.17.215|LDAP|330||||||
22361|10.1.17.215|10.1.17.2|LDAP|312||||||
22362|10.1.17.2|10.1.17.215|LDAP|340||||||
22363|10.1.17.215|10.1.17.2|LDAP|129||||||
22366|10.1.17.215|10.1.17.2|LDAP|129||||||
22490|10.1.17.215|10.1.17.2|EPM|222||||||
22491|10.1.17.2|10.1.17.215|EPM|322||||||
22492|10.1.17.215|10.1.17.2|DRSUAPI|258||||||
22493|10.1.17.2|10.1.17.215|DRSUAPI|258||||||
22494|10.1.17.215|10.1.17.2|DRSUAPI|338||||||
22495|10.1.17.2|10.1.17.215|DRSUAPI|450||||||
22496|10.1.17.215|10.1.17.2|DRSUAPI|194||||||
22497|10.1.17.2|10.1.17.215|DRSUAPI|194||||||
22498|10.1.17.215|10.1.17.2|EPM|222||||||
22500|10.1.17.2|10.1.17.215|EPM|322||||||
22501|10.1.17.215|10.1.17.2|DRSUAPI|258||||||
22502|10.1.17.2|10.1.17.215|DRSUAPI|258||||||
22503|10.1.17.215|10.1.17.2|DRSUAPI|338||||||
22504|10.1.17.2|10.1.17.215|DRSUAPI|450||||||
22505|10.1.17.215|10.1.17.2|DRSUAPI|194||||||
22506|10.1.17.2|10.1.17.215|DRSUAPI|194||||||
22511|10.1.17.215|10.1.17.2|LDAP|742||BLUEMOONTUESDAY.COM|LDAP,WIN-GSH54QLW48D.bluemoontuesday.com,bluemoontuesday.com|||
22513|10.1.17.2|10.1.17.215|LDAP|264||||||
22514|10.1.17.215|10.1.17.2|LDAP|238||||||
22515|10.1.17.2|10.1.17.215|LDAP|262||||||
22516|10.1.17.215|10.1.17.2|LDAP|243||||||
22517|10.1.17.2|10.1.17.215|LDAP|220||||||
22518|10.1.17.215|10.1.17.2|LDAP|237||||||
22519|10.1.17.2|10.1.17.215|LDAP|273||||||
22524|10.1.17.215|10.1.17.2|LDAP|742||BLUEMOONTUESDAY.COM|LDAP,WIN-GSH54QLW48D.bluemoontuesday.com,bluemoontuesday.com|||
22526|10.1.17.2|10.1.17.215|LDAP|264||||||
22527|10.1.17.215|10.1.17.2|LDAP|172||||||
22530|10.1.17.2|10.1.17.215|LDAP|330||||||
22532|10.1.17.215|10.1.17.2|LDAP|312||||||
22533|10.1.17.2|10.1.17.215|LDAP|340||||||
22534|10.1.17.215|10.1.17.2|LDAP|129||||||
22537|10.1.17.215|10.1.17.2|LDAP|129||||||
22724|10.1.17.215|10.1.17.2|LDAP|404||||||
22726|10.1.17.2|10.1.17.215|LDAP|1450||||||
22729|10.1.17.215|10.1.17.2|LDAP|676||BLUEMOONTUESDAY.COM|ldap,win-gsh54qlw48d.bluemoontuesday.com|||
22731|10.1.17.2|10.1.17.215|LDAP|264||||||
22732|10.1.17.215|10.1.17.2|LDAP|250||||||
22733|10.1.17.2|10.1.17.215|LDAP|275||||||
22734|10.1.17.215|10.1.17.2|LDAP|129||||||
22741|10.1.17.215|10.1.17.2|LDAP|676||BLUEMOONTUESDAY.COM|ldap,win-gsh54qlw48d.bluemoontuesday.com|||
22743|10.1.17.2|10.1.17.215|LDAP|264||||||
22744|10.1.17.215|10.1.17.2|LDAP|250||||||
22745|10.1.17.2|10.1.17.215|LDAP|275||||||
22746|10.1.17.215|10.1.17.2|LDAP|129||||||
23560|10.1.17.215|10.1.17.255|BROWSER|228||||||
23561|10.1.17.215|10.1.17.255|BROWSER|228||||||
23569|10.1.17.215|10.1.17.255|BROWSER|228||||||
23573|10.1.17.215|10.1.17.2|DCERPC|214||||||
23574|10.1.17.2|10.1.17.215|DCERPC|162||||||
23575|10.1.17.215|10.1.17.2|EPM|222||||||
23576|10.1.17.2|10.1.17.215|EPM|322||||||
23581|10.1.17.215|10.1.17.2|DCERPC|851||BLUEMOONTUESDAY.COM|LDAP,WIN-GSH54QLW48D.bluemoontuesday.com,bluemoontuesday.com|||
23583|10.1.17.2|10.1.17.215|DCERPC|338||||||
23584|10.1.17.215|10.1.17.2|DCERPC|274||||||
23585|10.1.17.2|10.1.17.215|DCERPC|159||||||
23586|10.1.17.215|10.1.17.2|DRSUAPI|322||||||
23587|10.1.17.2|10.1.17.215|DRSUAPI|258||||||
23588|10.1.17.215|10.1.17.2|DRSUAPI|338||||||
23589|10.1.17.2|10.1.17.215|DRSUAPI|450||||||
23590|10.1.17.215|10.1.17.2|DRSUAPI|194||||||
23591|10.1.17.2|10.1.17.215|DRSUAPI|194||||||
23592|10.1.17.215|10.1.17.2|EPM|222||||||
23593|10.1.17.2|10.1.17.215|EPM|322||||||
23594|10.1.17.215|10.1.17.2|DRSUAPI|258||||||
23595|10.1.17.2|10.1.17.215|DRSUAPI|258||||||
23596|10.1.17.215|10.1.17.2|DRSUAPI|338||||||
23597|10.1.17.2|10.1.17.215|DRSUAPI|450||||||
23598|10.1.17.215|10.1.17.2|DRSUAPI|194||||||
23599|10.1.17.2|10.1.17.215|DRSUAPI|194||||||
23603|10.1.17.215|10.1.17.2|LDAP|404||||||
23605|10.1.17.2|10.1.17.215|LDAP|1450||||||
23608|10.1.17.215|10.1.17.2|LDAP|742||BLUEMOONTUESDAY.COM|LDAP,WIN-GSH54QLW48D.bluemoontuesday.com,bluemoontuesday.com|||
23610|10.1.17.2|10.1.17.215|LDAP|264||||||
23611|10.1.17.215|10.1.17.2|LDAP|238||||||
23612|10.1.17.2|10.1.17.215|LDAP|262||||||
23613|10.1.17.215|10.1.17.2|LDAP|243||||||
23614|10.1.17.2|10.1.17.215|LDAP|220||||||
23615|10.1.17.215|10.1.17.2|LDAP|237||||||
23616|10.1.17.2|10.1.17.215|LDAP|273||||||
23621|10.1.17.215|10.1.17.2|LDAP|742||BLUEMOONTUESDAY.COM|LDAP,WIN-GSH54QLW48D.bluemoontuesday.com,bluemoontuesday.com|||
23623|10.1.17.2|10.1.17.215|LDAP|264||||||
23624|10.1.17.215|10.1.17.2|LDAP|172||||||
23627|10.1.17.2|10.1.17.215|LDAP|330||||||
23629|10.1.17.215|10.1.17.2|LDAP|312||||||
23630|10.1.17.2|10.1.17.215|LDAP|340||||||
23631|10.1.17.215|10.1.17.2|LDAP|129||||||
23633|10.1.17.215|10.1.17.2|LDAP|129||||||
23667|10.1.17.215|10.1.17.255|BROWSER|228||||||
23676|10.1.17.215|10.1.17.255|BROWSER|240||||||
23679|10.1.17.215|10.1.17.255|BROWSER|240||||||
23685|10.1.17.215|10.1.17.255|BROWSER|240||||||
23688|10.1.17.215|10.1.17.255|BROWSER|240||||||
24068|10.1.17.215|10.1.17.255|BROWSER|243||||||
25134|10.1.17.215|10.1.17.255|BROWSER|228||||||
25137|10.1.17.215|10.1.17.255|BROWSER|228||||||
25143|10.1.17.215|10.1.17.255|BROWSER|228||||||
25144|10.1.17.215|10.1.17.255|BROWSER|228||||||
25151|10.1.17.215|10.1.17.255|BROWSER|240||||||
25152|10.1.17.215|10.1.17.255|BROWSER|240||||||
25157|10.1.17.215|10.1.17.255|BROWSER|240||||||
25159|10.1.17.215|10.1.17.255|BROWSER|240||||||
25218|10.1.17.215|10.1.17.2|DCERPC|214||||||
25219|10.1.17.2|10.1.17.215|DCERPC|162||||||
25220|10.1.17.215|10.1.17.2|EPM|222||||||
25221|10.1.17.2|10.1.17.215|EPM|322||||||
25225|10.1.17.215|10.1.17.2|DCERPC|300||||||
25226|10.1.17.2|10.1.17.215|DCERPC|182||||||
25227|10.1.17.215|10.1.17.2|LSARPC|350||||||
25228|10.1.17.2|10.1.17.215|LSARPC|238||||||
25229|10.1.17.215|10.1.17.2|DCERPC|212||||||
25230|10.1.17.2|10.1.17.215|DCERPC|130||||||
25231|10.1.17.215|10.1.17.2|LSARPC|302||||||
25232|10.1.17.2|10.1.17.215|LSARPC|238||||||
25374|10.1.17.215|10.1.17.2|DCERPC|214||||||
25375|10.1.17.2|10.1.17.215|DCERPC|162||||||
25376|10.1.17.215|10.1.17.2|EPM|222||||||
25377|10.1.17.2|10.1.17.215|EPM|322||||||
25382|10.1.17.215|10.1.17.2|DCERPC|851||BLUEMOONTUESDAY.COM|LDAP,WIN-GSH54QLW48D.bluemoontuesday.com,bluemoontuesday.com|||
25384|10.1.17.2|10.1.17.215|DCERPC|338||||||
25385|10.1.17.215|10.1.17.2|DCERPC|274||||||
25386|10.1.17.2|10.1.17.215|DCERPC|159||||||
25387|10.1.17.215|10.1.17.2|DRSUAPI|322||||||
25388|10.1.17.2|10.1.17.215|DRSUAPI|258||||||
25389|10.1.17.215|10.1.17.2|DRSUAPI|338||||||
25390|10.1.17.2|10.1.17.215|DRSUAPI|450||||||
25391|10.1.17.215|10.1.17.2|DRSUAPI|194||||||
25392|10.1.17.2|10.1.17.215|DRSUAPI|194||||||
25393|10.1.17.215|10.1.17.2|EPM|222||||||
25394|10.1.17.2|10.1.17.215|EPM|322||||||
25395|10.1.17.215|10.1.17.2|DRSUAPI|258||||||
25396|10.1.17.2|10.1.17.215|DRSUAPI|258||||||
25397|10.1.17.215|10.1.17.2|DRSUAPI|338||||||
25398|10.1.17.2|10.1.17.215|DRSUAPI|450||||||
25399|10.1.17.215|10.1.17.2|DRSUAPI|194||||||
25400|10.1.17.2|10.1.17.215|DRSUAPI|194||||||
25404|10.1.17.215|10.1.17.2|LDAP|404||||||
25406|10.1.17.2|10.1.17.215|LDAP|1450||||||
25409|10.1.17.215|10.1.17.2|LDAP|742||BLUEMOONTUESDAY.COM|LDAP,WIN-GSH54QLW48D.bluemoontuesday.com,bluemoontuesday.com|||
25411|10.1.17.2|10.1.17.215|LDAP|264||||||
25412|10.1.17.215|10.1.17.2|LDAP|238||||||
25413|10.1.17.2|10.1.17.215|LDAP|262||||||
25414|10.1.17.215|10.1.17.2|LDAP|243||||||
25415|10.1.17.2|10.1.17.215|LDAP|220||||||
25416|10.1.17.215|10.1.17.2|LDAP|237||||||
25417|10.1.17.2|10.1.17.215|LDAP|273||||||
25422|10.1.17.215|10.1.17.2|LDAP|742||BLUEMOONTUESDAY.COM|LDAP,WIN-GSH54QLW48D.bluemoontuesday.com,bluemoontuesday.com|||
25424|10.1.17.2|10.1.17.215|LDAP|264||||||
25425|10.1.17.215|10.1.17.2|LDAP|172||||||
25428|10.1.17.2|10.1.17.215|LDAP|330||||||
25430|10.1.17.215|10.1.17.2|LDAP|312||||||
25431|10.1.17.2|10.1.17.215|LDAP|340||||||
25432|10.1.17.215|10.1.17.2|LDAP|129||||||
25435|10.1.17.215|10.1.17.2|LDAP|129||||||
25672|10.1.17.215|10.1.17.2|LDAP|404||||||
25674|10.1.17.2|10.1.17.215|LDAP|1450||||||
25677|10.1.17.215|10.1.17.2|LDAP|760||BLUEMOONTUESDAY.COM|LDAP,WIN-GSH54QLW48D.bluemoontuesday.com,bluemoontuesday.com|||
25679|10.1.17.2|10.1.17.215|LDAP|264||||||
25680|10.1.17.215|10.1.17.2|LDAP|191||||||
25681|10.1.17.2|10.1.17.215|LDAP|224||||||
25682|10.1.17.215|10.1.17.2|LDAP|253||||||
25683|10.1.17.2|10.1.17.215|LDAP|676||||||
25694|10.1.17.215|10.1.17.2|LDAP|274||||||
25696|10.1.17.2|10.1.17.215|LDAP|143||||||
25707|10.1.17.215|10.1.17.2|LDAP|274||||||
25709|10.1.17.2|10.1.17.215|LDAP|143||||||
25715|10.1.17.215|10.1.17.2|LDAP|273||||||
25717|10.1.17.2|10.1.17.215|LDAP|242||||||
25723|10.1.17.215|10.1.17.2|LDAP|283||||||
25725|10.1.17.2|10.1.17.215|LDAP|143||||||
25726|10.1.17.215|10.1.17.2|LDAP|251||||||
25727|10.1.17.2|10.1.17.215|LDAP|220||||||
25728|10.1.17.215|10.1.17.2|LDAP|129||||||
25842|10.1.17.215|10.1.17.2|DCERPC|214||||||
25843|10.1.17.2|10.1.17.215|DCERPC|162||||||
25844|10.1.17.215|10.1.17.2|EPM|222||||||
25845|10.1.17.2|10.1.17.215|EPM|322||||||
25850|10.1.17.215|10.1.17.2|DCERPC|851||BLUEMOONTUESDAY.COM|LDAP,WIN-GSH54QLW48D.bluemoontuesday.com,bluemoontuesday.com|||
25852|10.1.17.2|10.1.17.215|DCERPC|338||||||
25853|10.1.17.215|10.1.17.2|DCERPC|274||||||
25854|10.1.17.2|10.1.17.215|DCERPC|159||||||
25855|10.1.17.215|10.1.17.2|DRSUAPI|322||||||
25856|10.1.17.2|10.1.17.215|DRSUAPI|258||||||
25857|10.1.17.215|10.1.17.2|DRSUAPI|338||||||
25858|10.1.17.2|10.1.17.215|DRSUAPI|450||||||
25859|10.1.17.215|10.1.17.2|DRSUAPI|194||||||
25860|10.1.17.2|10.1.17.215|DRSUAPI|194||||||
25861|10.1.17.215|10.1.17.2|EPM|222||||||
25862|10.1.17.2|10.1.17.215|EPM|322||||||
25863|10.1.17.215|10.1.17.2|DRSUAPI|258||||||
25864|10.1.17.2|10.1.17.215|DRSUAPI|258||||||
25865|10.1.17.215|10.1.17.2|DRSUAPI|338||||||
25866|10.1.17.2|10.1.17.215|DRSUAPI|450||||||
25867|10.1.17.215|10.1.17.2|DRSUAPI|194||||||
25868|10.1.17.2|10.1.17.215|DRSUAPI|194||||||
25872|10.1.17.215|10.1.17.2|LDAP|404||||||
25874|10.1.17.2|10.1.17.215|LDAP|1450||||||
25877|10.1.17.215|10.1.17.2|LDAP|742||BLUEMOONTUESDAY.COM|LDAP,WIN-GSH54QLW48D.bluemoontuesday.com,bluemoontuesday.com|||
25879|10.1.17.2|10.1.17.215|LDAP|264||||||
25880|10.1.17.215|10.1.17.2|LDAP|238||||||
25881|10.1.17.2|10.1.17.215|LDAP|262||||||
25882|10.1.17.215|10.1.17.2|LDAP|243||||||
25883|10.1.17.2|10.1.17.215|LDAP|220||||||
25884|10.1.17.215|10.1.17.2|LDAP|237||||||
25885|10.1.17.2|10.1.17.215|LDAP|273||||||
25890|10.1.17.215|10.1.17.2|LDAP|742||BLUEMOONTUESDAY.COM|LDAP,WIN-GSH54QLW48D.bluemoontuesday.com,bluemoontuesday.com|||
25892|10.1.17.2|10.1.17.215|LDAP|264||||||
25893|10.1.17.215|10.1.17.2|LDAP|172||||||
25896|10.1.17.2|10.1.17.215|LDAP|330||||||
25898|10.1.17.215|10.1.17.2|LDAP|312||||||
25899|10.1.17.2|10.1.17.215|LDAP|340||||||
25900|10.1.17.215|10.1.17.2|LDAP|129||||||
25903|10.1.17.215|10.1.17.2|LDAP|129||||||
26001|10.1.17.215|10.1.17.255|BROWSER|228||||||
26002|10.1.17.215|10.1.17.255|BROWSER|228||||||
26010|10.1.17.215|10.1.17.255|BROWSER|228||||||
26015|10.1.17.215|10.1.17.255|BROWSER|228||||||
26016|10.1.17.215|10.1.17.255|BROWSER|240||||||
26019|10.1.17.215|10.1.17.255|BROWSER|240||||||
26021|10.1.17.215|10.1.17.255|BROWSER|240||||||
26028|10.1.17.215|10.1.17.255|BROWSER|240||||||
26054|10.1.17.215|10.1.17.2|SMB|213||||||
26060|10.1.17.215|10.1.17.2|SMB2|936||BLUEMOONTUESDAY.COM|cifs,WIN-GSH54QLW48D.bluemoontuesday.com|||
26062|10.1.17.2|10.1.17.215|SMB2|314||||||
26089|10.1.17.215|10.1.17.255|BROWSER|243||||||
26725|10.1.17.215|10.1.17.255|BROWSER|228||||||
26729|10.1.17.215|10.1.17.255|BROWSER|228||||||
26733|10.1.17.215|10.1.17.255|BROWSER|228||||||
26739|10.1.17.215|10.1.17.255|BROWSER|228||||||
26740|10.1.17.215|10.1.17.255|BROWSER|240||||||
26745|10.1.17.215|10.1.17.255|BROWSER|240||||||
26746|10.1.17.215|10.1.17.255|BROWSER|240||||||
26747|10.1.17.215|10.1.17.255|BROWSER|240||||||
27296|10.1.17.215|10.1.17.255|BROWSER|228||||||
27298|10.1.17.215|10.1.17.255|BROWSER|228||||||
27299|10.1.17.215|10.1.17.255|BROWSER|228||||||
27303|10.1.17.215|10.1.17.255|BROWSER|228||||||
27312|10.1.17.215|10.1.17.255|BROWSER|240||||||
27313|10.1.17.215|10.1.17.255|BROWSER|240||||||
27314|10.1.17.215|10.1.17.255|BROWSER|240||||||
27315|10.1.17.215|10.1.17.255|BROWSER|240||||||
27363|10.1.17.215|10.1.17.2|DCERPC|214||||||
27364|10.1.17.2|10.1.17.215|DCERPC|162||||||
27365|10.1.17.215|10.1.17.2|EPM|222||||||
27366|10.1.17.2|10.1.17.215|EPM|322||||||
27371|10.1.17.215|10.1.17.2|DCERPC|869||BLUEMOONTUESDAY.COM|LDAP,WIN-GSH54QLW48D.bluemoontuesday.com,bluemoontuesday.com|||
27373|10.1.17.2|10.1.17.215|DCERPC|338||||||
27374|10.1.17.215|10.1.17.2|DCERPC|274||||||
27375|10.1.17.2|10.1.17.215|DCERPC|159||||||
27376|10.1.17.215|10.1.17.2|DRSUAPI|322||||||
27377|10.1.17.2|10.1.17.215|DRSUAPI|258||||||
27378|10.1.17.215|10.1.17.2|DRSUAPI|338||||||
27379|10.1.17.2|10.1.17.215|DRSUAPI|450||||||
27380|10.1.17.215|10.1.17.2|DRSUAPI|194||||||
27381|10.1.17.2|10.1.17.215|DRSUAPI|194||||||
27382|10.1.17.215|10.1.17.2|EPM|222||||||
27383|10.1.17.2|10.1.17.215|EPM|322||||||
27384|10.1.17.215|10.1.17.2|DRSUAPI|258||||||
27385|10.1.17.2|10.1.17.215|DRSUAPI|258||||||
27386|10.1.17.215|10.1.17.2|DRSUAPI|338||||||
27387|10.1.17.2|10.1.17.215|DRSUAPI|450||||||
27388|10.1.17.215|10.1.17.2|DRSUAPI|194||||||
27389|10.1.17.2|10.1.17.215|DRSUAPI|194||||||
27393|10.1.17.215|10.1.17.2|LDAP|404||||||
27395|10.1.17.2|10.1.17.215|LDAP|1450||||||
27398|10.1.17.215|10.1.17.2|LDAP|760||BLUEMOONTUESDAY.COM|LDAP,WIN-GSH54QLW48D.bluemoontuesday.com,bluemoontuesday.com|||
27400|10.1.17.2|10.1.17.215|LDAP|264||||||
27401|10.1.17.215|10.1.17.2|LDAP|238||||||
27402|10.1.17.2|10.1.17.215|LDAP|262||||||
27403|10.1.17.215|10.1.17.2|LDAP|243||||||
27404|10.1.17.2|10.1.17.215|LDAP|220||||||
27405|10.1.17.215|10.1.17.2|LDAP|237||||||
27406|10.1.17.2|10.1.17.215|LDAP|273||||||
27411|10.1.17.215|10.1.17.2|LDAP|760||BLUEMOONTUESDAY.COM|LDAP,WIN-GSH54QLW48D.bluemoontuesday.com,bluemoontuesday.com|||
27413|10.1.17.2|10.1.17.215|LDAP|264||||||
27414|10.1.17.215|10.1.17.2|LDAP|172||||||
27417|10.1.17.2|10.1.17.215|LDAP|330||||||
27419|10.1.17.215|10.1.17.2|LDAP|312||||||
27420|10.1.17.2|10.1.17.215|LDAP|340||||||
27421|10.1.17.215|10.1.17.2|LDAP|129||||||
27424|10.1.17.215|10.1.17.2|LDAP|129||||||
27615|10.1.17.215|10.1.17.255|BROWSER|243||||||
27768|10.1.17.215|10.1.17.2|DCERPC|214||||||
27769|10.1.17.2|10.1.17.215|DCERPC|162||||||
27770|10.1.17.215|10.1.17.2|EPM|222||||||
27771|10.1.17.2|10.1.17.215|EPM|322||||||
27776|10.1.17.215|10.1.17.2|DCERPC|851||BLUEMOONTUESDAY.COM|LDAP,WIN-GSH54QLW48D.bluemoontuesday.com,bluemoontuesday.com|||
27778|10.1.17.2|10.1.17.215|DCERPC|338||||||
27779|10.1.17.215|10.1.17.2|DCERPC|274||||||
27780|10.1.17.2|10.1.17.215|DCERPC|159||||||
27781|10.1.17.215|10.1.17.2|DRSUAPI|322||||||
27782|10.1.17.2|10.1.17.215|DRSUAPI|258||||||
27783|10.1.17.215|10.1.17.2|DRSUAPI|338||||||
27784|10.1.17.2|10.1.17.215|DRSUAPI|450||||||
27785|10.1.17.215|10.1.17.2|DRSUAPI|194||||||
27786|10.1.17.2|10.1.17.215|DRSUAPI|194||||||
27787|10.1.17.215|10.1.17.2|EPM|222||||||
27788|10.1.17.2|10.1.17.215|EPM|322||||||
27789|10.1.17.215|10.1.17.2|DRSUAPI|258||||||
27790|10.1.17.2|10.1.17.215|DRSUAPI|258||||||
27791|10.1.17.215|10.1.17.2|DRSUAPI|338||||||
27792|10.1.17.2|10.1.17.215|DRSUAPI|450||||||
27793|10.1.17.215|10.1.17.2|DRSUAPI|194||||||
27794|10.1.17.2|10.1.17.215|DRSUAPI|194||||||
27798|10.1.17.215|10.1.17.2|LDAP|404||||||
27800|10.1.17.2|10.1.17.215|LDAP|1450||||||
27803|10.1.17.215|10.1.17.2|LDAP|742||BLUEMOONTUESDAY.COM|LDAP,WIN-GSH54QLW48D.bluemoontuesday.com,bluemoontuesday.com|||
27805|10.1.17.2|10.1.17.215|LDAP|264||||||
27806|10.1.17.215|10.1.17.2|LDAP|238||||||
27807|10.1.17.2|10.1.17.215|LDAP|262||||||
27808|10.1.17.215|10.1.17.2|LDAP|243||||||
27809|10.1.17.2|10.1.17.215|LDAP|220||||||
27810|10.1.17.215|10.1.17.2|LDAP|237||||||
27811|10.1.17.2|10.1.17.215|LDAP|273||||||
27816|10.1.17.215|10.1.17.2|LDAP|742||BLUEMOONTUESDAY.COM|LDAP,WIN-GSH54QLW48D.bluemoontuesday.com,bluemoontuesday.com|||
27818|10.1.17.2|10.1.17.215|LDAP|264||||||
27819|10.1.17.215|10.1.17.2|LDAP|172||||||
27822|10.1.17.2|10.1.17.215|LDAP|330||||||
27824|10.1.17.215|10.1.17.2|LDAP|312||||||
27825|10.1.17.2|10.1.17.215|LDAP|340||||||
27826|10.1.17.215|10.1.17.2|LDAP|129||||||
27829|10.1.17.215|10.1.17.2|LDAP|129||||||
31340|10.1.17.215|10.1.17.2|DCERPC|214||||||
31341|10.1.17.2|10.1.17.215|DCERPC|162||||||
31342|10.1.17.215|10.1.17.2|EPM|222||||||
31343|10.1.17.2|10.1.17.215|EPM|322||||||
31351|10.1.17.215|10.1.17.2|DCERPC|851||BLUEMOONTUESDAY.COM|LDAP,WIN-GSH54QLW48D.bluemoontuesday.com,bluemoontuesday.com|||
31353|10.1.17.2|10.1.17.215|DCERPC|338||||||
31354|10.1.17.215|10.1.17.2|DCERPC|274||||||
31355|10.1.17.2|10.1.17.215|DCERPC|159||||||
31357|10.1.17.215|10.1.17.2|DRSUAPI|322||||||
31359|10.1.17.2|10.1.17.215|DRSUAPI|258||||||
31360|10.1.17.215|10.1.17.2|DRSUAPI|322||||||
31367|10.1.17.2|10.1.17.215|DRSUAPI|370||||||
31369|10.1.17.215|10.1.17.2|DRSUAPI|322||||||
31370|10.1.17.2|10.1.17.215|DRSUAPI|402||||||
31371|10.1.17.215|10.1.17.2|DRSUAPI|194||||||
31372|10.1.17.2|10.1.17.215|DRSUAPI|194||||||
31379|10.1.17.215|10.1.17.2|DCERPC|214||||||
31380|10.1.17.2|10.1.17.215|DCERPC|162||||||
31381|10.1.17.215|10.1.17.2|EPM|222||||||
31382|10.1.17.2|10.1.17.215|EPM|322||||||
31387|10.1.17.215|10.1.17.2|DCERPC|851||BLUEMOONTUESDAY.COM|LDAP,WIN-GSH54QLW48D.bluemoontuesday.com,bluemoontuesday.com|||
31389|10.1.17.2|10.1.17.215|DCERPC|338||||||
31390|10.1.17.215|10.1.17.2|DCERPC|274||||||
31391|10.1.17.2|10.1.17.215|DCERPC|159||||||
31392|10.1.17.215|10.1.17.2|DRSUAPI|322||||||
31393|10.1.17.2|10.1.17.215|DRSUAPI|258||||||
31394|10.1.17.215|10.1.17.2|DRSUAPI|338||||||
31395|10.1.17.2|10.1.17.215|DRSUAPI|450||||||
31396|10.1.17.215|10.1.17.2|DRSUAPI|194||||||
31397|10.1.17.2|10.1.17.215|DRSUAPI|194||||||
31398|10.1.17.215|10.1.17.2|EPM|222||||||
31399|10.1.17.2|10.1.17.215|EPM|322||||||
31400|10.1.17.215|10.1.17.2|DRSUAPI|258||||||
31401|10.1.17.2|10.1.17.215|DRSUAPI|258||||||
31402|10.1.17.215|10.1.17.2|DRSUAPI|338||||||
31403|10.1.17.2|10.1.17.215|DRSUAPI|450||||||
31406|10.1.17.215|10.1.17.2|DRSUAPI|194||||||
31412|10.1.17.2|10.1.17.215|DRSUAPI|194||||||
31421|10.1.17.215|10.1.17.2|LDAP|404||||||
31423|10.1.17.2|10.1.17.215|LDAP|1450||||||
31431|10.1.17.215|10.1.17.2|LDAP|742||BLUEMOONTUESDAY.COM|LDAP,WIN-GSH54QLW48D.bluemoontuesday.com,bluemoontuesday.com|||
31435|10.1.17.2|10.1.17.215|LDAP|264||||||
31436|10.1.17.215|10.1.17.2|LDAP|238||||||
31437|10.1.17.2|10.1.17.215|LDAP|262||||||
31440|10.1.17.215|10.1.17.2|LDAP|243||||||
31442|10.1.17.2|10.1.17.215|LDAP|220||||||
31443|10.1.17.215|10.1.17.2|LDAP|237||||||
31444|10.1.17.2|10.1.17.215|LDAP|273||||||
31449|10.1.17.215|10.1.17.2|LDAP|742||BLUEMOONTUESDAY.COM|LDAP,WIN-GSH54QLW48D.bluemoontuesday.com,bluemoontuesday.com|||
31451|10.1.17.2|10.1.17.215|LDAP|264||||||
31452|10.1.17.215|10.1.17.2|LDAP|172||||||
31455|10.1.17.2|10.1.17.215|LDAP|330||||||
31457|10.1.17.215|10.1.17.2|LDAP|312||||||
31458|10.1.17.2|10.1.17.215|LDAP|340||||||
31459|10.1.17.215|10.1.17.2|LDAP|129||||||
31462|10.1.17.215|10.1.17.2|LDAP|129||||||
31661|10.1.17.215|10.1.17.2|DCERPC|214||||||
31663|10.1.17.2|10.1.17.215|DCERPC|162||||||
31664|10.1.17.215|10.1.17.2|EPM|222||||||
31665|10.1.17.2|10.1.17.215|EPM|322||||||
31670|10.1.17.215|10.1.17.2|DCERPC|851||BLUEMOONTUESDAY.COM|LDAP,WIN-GSH54QLW48D.bluemoontuesday.com,bluemoontuesday.com|||
31678|10.1.17.2|10.1.17.215|DCERPC|338||||||
31679|10.1.17.215|10.1.17.2|DCERPC|274||||||
31680|10.1.17.2|10.1.17.215|DCERPC|159||||||
31681|10.1.17.215|10.1.17.2|DRSUAPI|322||||||
31682|10.1.17.2|10.1.17.215|DRSUAPI|258||||||
31683|10.1.17.215|10.1.17.2|DRSUAPI|338||||||
31684|10.1.17.2|10.1.17.215|DRSUAPI|450||||||
31685|10.1.17.215|10.1.17.2|DRSUAPI|194||||||
31686|10.1.17.2|10.1.17.215|DRSUAPI|194||||||
31691|10.1.17.215|10.1.17.2|EPM|222||||||
31692|10.1.17.2|10.1.17.215|EPM|322||||||
31693|10.1.17.215|10.1.17.2|DRSUAPI|258||||||
31694|10.1.17.2|10.1.17.215|DRSUAPI|258||||||
31695|10.1.17.215|10.1.17.2|DRSUAPI|338||||||
31702|10.1.17.2|10.1.17.215|DRSUAPI|450||||||
31703|10.1.17.215|10.1.17.2|DRSUAPI|194||||||
31704|10.1.17.2|10.1.17.215|DRSUAPI|194||||||
31710|10.1.17.215|10.1.17.2|LDAP|404||||||
31712|10.1.17.2|10.1.17.215|LDAP|1450||||||
31715|10.1.17.215|10.1.17.2|LDAP|742||BLUEMOONTUESDAY.COM|LDAP,WIN-GSH54QLW48D.bluemoontuesday.com,bluemoontuesday.com|||
31717|10.1.17.2|10.1.17.215|LDAP|264||||||
31718|10.1.17.215|10.1.17.2|LDAP|238||||||
31719|10.1.17.2|10.1.17.215|LDAP|262||||||
31720|10.1.17.215|10.1.17.2|LDAP|243||||||
31721|10.1.17.2|10.1.17.215|LDAP|220||||||
31722|10.1.17.215|10.1.17.2|LDAP|237||||||
31723|10.1.17.2|10.1.17.215|LDAP|273||||||
31742|10.1.17.215|10.1.17.2|LDAP|742||BLUEMOONTUESDAY.COM|LDAP,WIN-GSH54QLW48D.bluemoontuesday.com,bluemoontuesday.com|||
31746|10.1.17.2|10.1.17.215|LDAP|264||||||
31748|10.1.17.215|10.1.17.2|LDAP|172||||||
31751|10.1.17.2|10.1.17.215|LDAP|330||||||
31753|10.1.17.215|10.1.17.2|LDAP|312||||||
31754|10.1.17.2|10.1.17.215|LDAP|340||||||
31755|10.1.17.215|10.1.17.2|LDAP|129||||||
31758|10.1.17.215|10.1.17.2|LDAP|129||||||
32735|10.1.17.215|10.1.17.2|SMB|213||||||
32741|10.1.17.215|10.1.17.2|SMB2|936||BLUEMOONTUESDAY.COM|cifs,WIN-GSH54QLW48D.bluemoontuesday.com|||
32743|10.1.17.2|10.1.17.215|SMB2|314||||||
32764|10.1.17.215|10.1.17.255|BROWSER|228||||||
32772|10.1.17.215|10.1.17.255|BROWSER|228||||||
32773|10.1.17.215|10.1.17.255|BROWSER|228||||||
32779|10.1.17.215|10.1.17.255|BROWSER|228||||||
32784|10.1.17.215|10.1.17.255|BROWSER|240||||||
32790|10.1.17.215|10.1.17.255|BROWSER|240||||||
32791|10.1.17.215|10.1.17.255|BROWSER|240||||||
32792|10.1.17.215|10.1.17.255|BROWSER|240||||||
36283|10.1.17.215|10.1.17.2|SMB|213||||||
36294|10.1.17.215|10.1.17.2|KRB5|480||BLUEMOONTUESDAY.COM,BLUEMOONTUESDAY.COM|krbtgt,BLUEMOONTUESDAY.COM,cifs,WIN-GSH54QLW48D.bluemoontuesday.com|||
36297|10.1.17.2|10.1.17.215|KRB5|453|DESKTOP-L8C5GSJ$|BLUEMOONTUESDAY.COM|cifs,WIN-GSH54QLW48D.bluemoontuesday.com|||
36304|10.1.17.215|10.1.17.2|SMB2|936||BLUEMOONTUESDAY.COM|cifs,WIN-GSH54QLW48D.bluemoontuesday.com|||
36306|10.1.17.2|10.1.17.215|SMB2|314||||||
36316|10.1.17.215|10.1.17.2|DCERPC|330||||||
36319|10.1.17.2|10.1.17.215|DCERPC|254||||||
36320|10.1.17.215|10.1.17.2|LSARPC|378||||||
36323|10.1.17.2|10.1.17.215|LSARPC|202||||||
36324|10.1.17.215|10.1.17.2|LSARPC|214||||||
36327|10.1.17.2|10.1.17.215|LSARPC|186||||||
36333|10.1.17.215|10.1.17.2|DCERPC|214||||||
36334|10.1.17.2|10.1.17.215|DCERPC|162||||||
36335|10.1.17.215|10.1.17.2|EPM|222||||||
36336|10.1.17.2|10.1.17.215|EPM|322||||||
36340|10.1.17.215|10.1.17.2|DCERPC|300||||||
36341|10.1.17.2|10.1.17.215|DCERPC|182||||||
36342|10.1.17.215|10.1.17.2|LSARPC|350||||||
36343|10.1.17.2|10.1.17.215|LSARPC|238||||||
36344|10.1.17.215|10.1.17.2|DCERPC|212||||||
36345|10.1.17.2|10.1.17.215|DCERPC|130||||||
36346|10.1.17.215|10.1.17.2|LSARPC|302||||||
36347|10.1.17.2|10.1.17.215|LSARPC|238||||||
36550|10.1.17.215|10.1.17.2|DCERPC|214||||||
36551|10.1.17.2|10.1.17.215|DCERPC|162||||||
36552|10.1.17.215|10.1.17.2|EPM|222||||||
36553|10.1.17.2|10.1.17.215|EPM|322||||||
36558|10.1.17.215|10.1.17.2|DCERPC|851||BLUEMOONTUESDAY.COM|LDAP,WIN-GSH54QLW48D.bluemoontuesday.com,bluemoontuesday.com|||
36560|10.1.17.2|10.1.17.215|DCERPC|338||||||
36561|10.1.17.215|10.1.17.2|DCERPC|274||||||
36562|10.1.17.2|10.1.17.215|DCERPC|159||||||
36563|10.1.17.215|10.1.17.2|DRSUAPI|322||||||
36564|10.1.17.2|10.1.17.215|DRSUAPI|258||||||
36565|10.1.17.215|10.1.17.2|DRSUAPI|338||||||
36566|10.1.17.2|10.1.17.215|DRSUAPI|450||||||
36567|10.1.17.215|10.1.17.2|DRSUAPI|194||||||
36568|10.1.17.2|10.1.17.215|DRSUAPI|194||||||
36569|10.1.17.215|10.1.17.2|EPM|222||||||
36570|10.1.17.2|10.1.17.215|EPM|322||||||
36571|10.1.17.215|10.1.17.2|DRSUAPI|258||||||
36572|10.1.17.2|10.1.17.215|DRSUAPI|258||||||
36573|10.1.17.215|10.1.17.2|DRSUAPI|338||||||
36574|10.1.17.2|10.1.17.215|DRSUAPI|450||||||
36575|10.1.17.215|10.1.17.2|DRSUAPI|194||||||
36576|10.1.17.2|10.1.17.215|DRSUAPI|194||||||
36660|10.1.17.215|10.1.17.2|LDAP|404||||||
36662|10.1.17.2|10.1.17.215|LDAP|1450||||||
36665|10.1.17.215|10.1.17.2|LDAP|742||BLUEMOONTUESDAY.COM|LDAP,WIN-GSH54QLW48D.bluemoontuesday.com,bluemoontuesday.com|||
36667|10.1.17.2|10.1.17.215|LDAP|264||||||
36668|10.1.17.215|10.1.17.2|LDAP|238||||||
36669|10.1.17.2|10.1.17.215|LDAP|262||||||
36670|10.1.17.215|10.1.17.2|LDAP|243||||||
36671|10.1.17.2|10.1.17.215|LDAP|220||||||
36672|10.1.17.215|10.1.17.2|LDAP|237||||||
36673|10.1.17.2|10.1.17.215|LDAP|273||||||
36686|10.1.17.215|10.1.17.2|LDAP|742||BLUEMOONTUESDAY.COM|LDAP,WIN-GSH54QLW48D.bluemoontuesday.com,bluemoontuesday.com|||
36689|10.1.17.2|10.1.17.215|LDAP|264||||||
36690|10.1.17.215|10.1.17.2|LDAP|172||||||
36693|10.1.17.2|10.1.17.215|LDAP|330||||||
36695|10.1.17.215|10.1.17.2|LDAP|312||||||
36696|10.1.17.2|10.1.17.215|LDAP|340||||||
36697|10.1.17.215|10.1.17.2|LDAP|129||||||
36700|10.1.17.215|10.1.17.2|LDAP|129||||||
36836|10.1.17.215|10.1.17.2|DCERPC|214||||||
36837|10.1.17.2|10.1.17.215|DCERPC|162||||||
36840|10.1.17.215|10.1.17.2|EPM|222||||||
36847|10.1.17.2|10.1.17.215|EPM|322||||||
36853|10.1.17.215|10.1.17.2|DCERPC|851||BLUEMOONTUESDAY.COM|LDAP,WIN-GSH54QLW48D.bluemoontuesday.com,bluemoontuesday.com|||
36858|10.1.17.2|10.1.17.215|DCERPC|338||||||
36863|10.1.17.215|10.1.17.2|DCERPC|274||||||
36867|10.1.17.2|10.1.17.215|DCERPC|159||||||
36871|10.1.17.215|10.1.17.2|DRSUAPI|322||||||
36872|10.1.17.2|10.1.17.215|DRSUAPI|258||||||
36873|10.1.17.215|10.1.17.2|DRSUAPI|338||||||
36874|10.1.17.2|10.1.17.215|DRSUAPI|450||||||
36875|10.1.17.215|10.1.17.2|DRSUAPI|194||||||
36876|10.1.17.2|10.1.17.215|DRSUAPI|194||||||
36877|10.1.17.215|10.1.17.2|EPM|222||||||
36878|10.1.17.2|10.1.17.215|EPM|322||||||
36879|10.1.17.215|10.1.17.2|DRSUAPI|258||||||
36880|10.1.17.2|10.1.17.215|DRSUAPI|258||||||
36881|10.1.17.215|10.1.17.2|DRSUAPI|338||||||
36882|10.1.17.2|10.1.17.215|DRSUAPI|450||||||
36883|10.1.17.215|10.1.17.2|DRSUAPI|194||||||
36884|10.1.17.2|10.1.17.215|DRSUAPI|194||||||
36889|10.1.17.215|10.1.17.2|LDAP|404||||||
36897|10.1.17.2|10.1.17.215|LDAP|1450||||||
36902|10.1.17.215|10.1.17.2|LDAP|742||BLUEMOONTUESDAY.COM|LDAP,WIN-GSH54QLW48D.bluemoontuesday.com,bluemoontuesday.com|||
36904|10.1.17.2|10.1.17.215|LDAP|264||||||
36906|10.1.17.215|10.1.17.2|LDAP|238||||||
36909|10.1.17.2|10.1.17.215|LDAP|262||||||
36910|10.1.17.215|10.1.17.2|LDAP|243||||||
36911|10.1.17.2|10.1.17.215|LDAP|220||||||
36912|10.1.17.215|10.1.17.2|LDAP|237||||||
36914|10.1.17.2|10.1.17.215|LDAP|273||||||
36923|10.1.17.215|10.1.17.2|LDAP|742||BLUEMOONTUESDAY.COM|LDAP,WIN-GSH54QLW48D.bluemoontuesday.com,bluemoontuesday.com|||
36925|10.1.17.2|10.1.17.215|LDAP|264||||||
36926|10.1.17.215|10.1.17.2|LDAP|172||||||
36929|10.1.17.2|10.1.17.215|LDAP|330||||||
36931|10.1.17.215|10.1.17.2|LDAP|312||||||
36932|10.1.17.2|10.1.17.215|LDAP|340||||||
36933|10.1.17.215|10.1.17.2|LDAP|129||||||
36936|10.1.17.215|10.1.17.2|LDAP|129||||||
38188|10.1.17.215|10.1.17.255|BROWSER|228||||||
38193|10.1.17.215|10.1.17.255|BROWSER|228||||||
38194|10.1.17.215|10.1.17.255|BROWSER|228||||||
38198|10.1.17.215|10.1.17.255|BROWSER|228||||||
38201|10.1.17.215|10.1.17.255|BROWSER|240||||||
38206|10.1.17.215|10.1.17.255|BROWSER|240||||||
38209|10.1.17.215|10.1.17.255|BROWSER|240||||||
38210|10.1.17.215|10.1.17.255|BROWSER|240||||||
38326|10.1.17.215|10.1.17.2|DCERPC|214||||||
38327|10.1.17.2|10.1.17.215|DCERPC|162||||||
38328|10.1.17.215|10.1.17.2|EPM|222||||||
38329|10.1.17.2|10.1.17.215|EPM|322||||||
38333|10.1.17.215|10.1.17.2|DCERPC|300||||||
38334|10.1.17.2|10.1.17.215|DCERPC|182||||||
38335|10.1.17.215|10.1.17.2|LSARPC|350||||||
38336|10.1.17.2|10.1.17.215|LSARPC|238||||||
38337|10.1.17.215|10.1.17.2|DCERPC|212||||||
38338|10.1.17.2|10.1.17.215|DCERPC|130||||||
38339|10.1.17.215|10.1.17.2|LSARPC|302||||||
38340|10.1.17.2|10.1.17.215|LSARPC|238||||||
38564|10.1.17.215|10.1.17.2|DCERPC|214||||||
38565|10.1.17.2|10.1.17.215|DCERPC|162||||||
38566|10.1.17.215|10.1.17.2|EPM|222||||||
38567|10.1.17.2|10.1.17.215|EPM|322||||||
38572|10.1.17.215|10.1.17.2|DCERPC|851||BLUEMOONTUESDAY.COM|LDAP,WIN-GSH54QLW48D.bluemoontuesday.com,bluemoontuesday.com|||
38574|10.1.17.2|10.1.17.215|DCERPC|338||||||
38575|10.1.17.215|10.1.17.2|DCERPC|274||||||
38576|10.1.17.2|10.1.17.215|DCERPC|159||||||
38577|10.1.17.215|10.1.17.2|DRSUAPI|322||||||
38578|10.1.17.2|10.1.17.215|DRSUAPI|258||||||
38579|10.1.17.215|10.1.17.2|DRSUAPI|338||||||
38580|10.1.17.2|10.1.17.215|DRSUAPI|450||||||
38581|10.1.17.215|10.1.17.2|DRSUAPI|194||||||
38582|10.1.17.2|10.1.17.215|DRSUAPI|194||||||
38583|10.1.17.215|10.1.17.2|EPM|222||||||
38584|10.1.17.2|10.1.17.215|EPM|322||||||
38585|10.1.17.215|10.1.17.2|DRSUAPI|258||||||
38586|10.1.17.2|10.1.17.215|DRSUAPI|258||||||
38587|10.1.17.215|10.1.17.2|DRSUAPI|338||||||
38588|10.1.17.2|10.1.17.215|DRSUAPI|450||||||
38589|10.1.17.215|10.1.17.2|DRSUAPI|194||||||
38590|10.1.17.2|10.1.17.215|DRSUAPI|194||||||
38594|10.1.17.215|10.1.17.2|LDAP|404||||||
38596|10.1.17.2|10.1.17.215|LDAP|1450||||||
38599|10.1.17.215|10.1.17.2|LDAP|742||BLUEMOONTUESDAY.COM|LDAP,WIN-GSH54QLW48D.bluemoontuesday.com,bluemoontuesday.com|||
38601|10.1.17.2|10.1.17.215|LDAP|264||||||
38602|10.1.17.215|10.1.17.2|LDAP|238||||||
38603|10.1.17.2|10.1.17.215|LDAP|262||||||
38604|10.1.17.215|10.1.17.2|LDAP|243||||||
38605|10.1.17.2|10.1.17.215|LDAP|220||||||
38606|10.1.17.215|10.1.17.2|LDAP|237||||||
38607|10.1.17.2|10.1.17.215|LDAP|273||||||
38612|10.1.17.215|10.1.17.2|LDAP|742||BLUEMOONTUESDAY.COM|LDAP,WIN-GSH54QLW48D.bluemoontuesday.com,bluemoontuesday.com|||
38614|10.1.17.2|10.1.17.215|LDAP|264||||||
38615|10.1.17.215|10.1.17.2|LDAP|172||||||
38618|10.1.17.2|10.1.17.215|LDAP|330||||||
38620|10.1.17.215|10.1.17.2|LDAP|312||||||
38621|10.1.17.2|10.1.17.215|LDAP|340||||||
38622|10.1.17.215|10.1.17.2|LDAP|129||||||
38624|10.1.17.215|10.1.17.2|LDAP|129||||||
39034|10.1.17.215|10.1.17.255|BROWSER|243||||||
39202|10.1.17.215|10.1.17.255|BROWSER|228||||||
39205|10.1.17.215|10.1.17.255|BROWSER|228||||||
39206|10.1.17.215|10.1.17.255|BROWSER|228||||||
39210|10.1.17.215|10.1.17.255|BROWSER|228||||||
39217|10.1.17.215|10.1.17.255|BROWSER|240||||||
39218|10.1.17.215|10.1.17.255|BROWSER|240||||||
39219|10.1.17.215|10.1.17.255|BROWSER|240||||||
39220|10.1.17.215|10.1.17.255|BROWSER|240||||||
